num_tokens,prediction
1,0.06426799999999998
2,0.06351600000000016
3,0.06321200000000023
4,0.06321200000000023
5,0.06310800000000023
6,0.06310800000000023
7,0.06310800000000023
8,0.06310800000000023
9,0.06310000000000024
10,0.06315600000000023
11,0.06332800000000019
12,0.06332800000000019
13,0.06367200000000012
14,0.06371200000000012
15,0.06375200000000011
16,0.06375200000000011
17,0.0638840000000001
18,0.0638960000000001
19,0.06396800000000011
20,0.06396800000000011
21,0.06419600000000011
22,0.0642840000000001
23,0.0644160000000001
24,0.0644160000000001
25,0.0649600000000001
26,0.0649600000000001
27,0.06498000000000011
28,0.06498000000000011
29,0.06629200000000018
30,0.06629200000000018
31,0.06629200000000018
32,0.06629200000000018
33,0.06793200000000017
34,0.06793200000000017
35,0.06793200000000017
36,0.06793200000000017
37,0.07102800000000004
38,0.07102800000000004
39,0.07102800000000004
40,0.07102800000000004
41,0.07145600000000002
42,0.07145600000000002
43,0.07145600000000002
44,0.07145600000000002
45,0.06947599999999994
46,0.06947599999999994
47,0.06947599999999994
48,0.06947599999999994
49,0.06839199999999995
50,0.06839199999999995
51,0.06839199999999995
52,0.06839199999999995
53,0.06781600000000006
54,0.06781600000000006
55,0.06781600000000006
56,0.06781600000000006
57,0.06804800000000008
58,0.06804800000000008
59,0.06804800000000008
60,0.06804800000000008
61,0.06886400000000009
62,0.06886400000000009
63,0.06886400000000009
64,0.06886400000000009
65,0.07318000000000005
66,0.07318000000000005
67,0.07318000000000005
68,0.07318000000000005
69,0.08221199999999992
70,0.08221199999999992
71,0.08221199999999992
72,0.08221199999999992
73,0.08511599999999989
74,0.08511599999999989
75,0.08511599999999989
76,0.08511599999999989
77,0.08591199999999996
78,0.08591199999999996
79,0.08591199999999996
80,0.08591199999999996
81,0.08388800000000002
82,0.08388800000000002
83,0.08388800000000002
84,0.08388800000000002
85,0.07724800000000015
86,0.07724800000000015
87,0.07724800000000015
88,0.07724800000000015
89,0.07460800000000022
90,0.07460800000000022
91,0.07460800000000022
92,0.07460800000000022
93,0.07376800000000021
94,0.07376800000000021
95,0.07376800000000021
96,0.07376800000000021
97,0.07376800000000008
98,0.07376800000000008
99,0.07376800000000008
100,0.07376800000000008
101,0.07461599999999986
102,0.07461599999999986
103,0.07461599999999986
104,0.07461599999999986
105,0.07504199999999983
106,0.07504199999999983
107,0.07504199999999983
108,0.07504199999999983
109,0.07566000000000003
110,0.07566000000000003
111,0.07566000000000003
112,0.07566000000000003
113,0.07583800000000014
114,0.07583800000000014
115,0.07583800000000014
116,0.07583800000000014
117,0.07580400000000018
118,0.07580400000000018
119,0.07580400000000018
120,0.07580400000000018
121,0.07701000000000019
122,0.07701000000000019
123,0.07701000000000019
124,0.07701000000000019
125,0.07992400000000019
126,0.07992400000000019
127,0.07992400000000019
128,0.07992400000000019
129,0.0875480000000002
130,0.0875480000000002
131,0.0875480000000002
132,0.0875480000000002
133,0.11732200000000047
134,0.11732200000000047
135,0.11732200000000047
136,0.11732200000000047
137,0.12512000000000056
138,0.12512000000000056
139,0.12512000000000056
140,0.12512000000000056
141,0.12995000000000057
142,0.12995000000000057
143,0.12995000000000057
144,0.12995000000000057
145,0.13172200000000053
146,0.13172200000000053
147,0.13172200000000053
148,0.13172200000000053
149,0.1318500000000005
150,0.1318500000000005
151,0.1318500000000005
152,0.1318500000000005
153,0.13218800000000044
154,0.13218800000000044
155,0.13218800000000044
156,0.13218800000000044
157,0.1321680000000003
158,0.1321680000000003
159,0.1321680000000003
160,0.1321680000000003
161,0.1298440000000002
162,0.1298440000000002
163,0.1298440000000002
164,0.1298440000000002
165,0.12327600000000001
166,0.12327600000000001
167,0.12327600000000001
168,0.12327600000000001
169,0.12049999999999994
170,0.12049999999999994
171,0.12049999999999994
172,0.12049999999999994
173,0.11995600000000008
174,0.11995600000000008
175,0.11995600000000008
176,0.11995600000000008
177,0.11990000000000008
178,0.11990000000000008
179,0.11990000000000008
180,0.11990000000000008
181,0.11939999999999987
182,0.11939999999999987
183,0.11939999999999987
184,0.11939999999999987
185,0.1194639999999998
186,0.1194639999999998
187,0.1194639999999998
188,0.1194639999999998
189,0.12010799999999965
190,0.12010799999999965
191,0.12010799999999965
192,0.12010799999999965
193,0.11986799999999959
194,0.11986799999999959
195,0.11986799999999959
196,0.11986799999999959
197,0.1186399999999995
198,0.1186399999999995
199,0.1186399999999995
200,0.1186399999999995
201,0.11821599999999946
202,0.11821599999999946
203,0.11821599999999946
204,0.11821599999999946
205,0.11811999999999945
206,0.11811999999999945
207,0.11811999999999945
208,0.11811999999999945
209,0.11807999999999948
210,0.11807999999999948
211,0.11807999999999948
212,0.11807999999999948
213,0.1181799999999995
214,0.1181799999999995
215,0.1181799999999995
216,0.1181799999999995
217,0.11840799999999954
218,0.11840799999999954
219,0.11840799999999954
220,0.11840799999999954
221,0.1189559999999997
222,0.1189559999999997
223,0.1189559999999997
224,0.1189559999999997
225,0.11936399999999972
226,0.11936399999999972
227,0.11936399999999972
228,0.11936399999999972
229,0.12043199999999962
230,0.12043199999999962
231,0.12043199999999962
232,0.12043199999999962
233,0.12058399999999958
234,0.12058399999999958
235,0.12058399999999958
236,0.12058399999999958
237,0.12008799999999963
238,0.12008799999999963
239,0.12008799999999963
240,0.12008799999999963
241,0.11858399999999979
242,0.11858399999999979
243,0.11858399999999979
244,0.11858399999999979
245,0.11456400000000011
246,0.11456400000000011
247,0.11456400000000011
248,0.11456400000000011
249,0.11477400000000007
250,0.11477400000000007
251,0.11477400000000007
252,0.11477400000000007
253,0.11735199999999961
254,0.11735199999999961
255,0.11735199999999961
256,0.11735199999999961
257,0.12723999999999955
258,0.12723999999999955
259,0.12723999999999955
260,0.12723999999999955
261,0.14900799999999972
262,0.14900799999999972
263,0.14900799999999972
264,0.14900799999999972
265,0.15824599999999966
266,0.15824599999999966
267,0.15824599999999966
268,0.15824599999999966
269,0.16252599999999962
270,0.16252599999999962
271,0.16252599999999962
272,0.16252599999999962
273,0.16252599999999962
274,0.16252599999999962
275,0.16252599999999962
276,0.16252599999999962
277,0.16264999999999954
278,0.16264999999999954
279,0.16264999999999954
280,0.16264999999999954
281,0.16269799999999957
282,0.16269799999999957
283,0.16269799999999957
284,0.16269799999999957
285,0.1625459999999995
286,0.1625459999999995
287,0.1625459999999995
288,0.1625459999999995
289,0.16276999999999953
290,0.16276999999999953
291,0.16276999999999953
292,0.16276999999999953
293,0.16385199999999955
294,0.16385199999999955
295,0.16385199999999955
296,0.16385199999999955
297,0.1640619999999996
298,0.1640619999999996
299,0.1640619999999996
300,0.1640619999999996
301,0.16400999999999968
302,0.16400999999999968
303,0.16400999999999968
304,0.16400999999999968
305,0.16355399999999992
306,0.16355399999999992
307,0.16355399999999992
308,0.16355399999999992
309,0.16216000000000041
310,0.16216000000000041
311,0.16216000000000041
312,0.16216000000000041
313,0.1621060000000006
314,0.1621060000000006
315,0.1621060000000006
316,0.1621060000000006
317,0.16345800000000074
318,0.16345800000000074
319,0.16345800000000074
320,0.16345800000000074
321,0.16415400000000074
322,0.16415400000000074
323,0.16415400000000074
324,0.16415400000000074
325,0.16505200000000067
326,0.16505200000000067
327,0.16505200000000067
328,0.16505200000000067
329,0.16521200000000044
330,0.16521200000000044
331,0.16521200000000044
332,0.16521200000000044
333,0.16508599999999976
334,0.16508599999999976
335,0.16508599999999976
336,0.16508599999999976
337,0.1650399999999995
338,0.1650399999999995
339,0.1650399999999995
340,0.1650399999999995
341,0.16503399999999938
342,0.16503399999999938
343,0.16503399999999938
344,0.16503399999999938
345,0.16508799999999937
346,0.16508799999999937
347,0.16508799999999937
348,0.16508799999999937
349,0.16547399999999948
350,0.16547399999999948
351,0.16547399999999948
352,0.16547399999999948
353,0.16619599999999965
354,0.16619599999999965
355,0.16619599999999965
356,0.16619599999999965
357,0.16855600000000043
358,0.16855600000000043
359,0.16855600000000043
360,0.16855600000000043
361,0.1695800000000005
362,0.1695800000000005
363,0.1695800000000005
364,0.1695800000000005
365,0.17014999999999997
366,0.17014999999999997
367,0.17014999999999997
368,0.17014999999999997
369,0.16938999999999996
370,0.16938999999999996
371,0.16938999999999996
372,0.16938999999999996
373,0.1672660000000004
374,0.1672660000000004
375,0.1672660000000004
376,0.1672660000000004
377,0.1673660000000003
378,0.1673660000000003
379,0.1673660000000003
380,0.1673660000000003
381,0.17153599999999974
382,0.17153599999999974
383,0.17153599999999974
384,0.17153599999999974
385,0.18097399999999944
386,0.18097399999999944
387,0.18097399999999944
388,0.18097399999999944
389,0.20201199999999933
390,0.20201199999999933
391,0.20201199999999933
392,0.20201199999999933
393,0.21083599999999925
394,0.21083599999999925
395,0.21083599999999925
396,0.21083599999999925
397,0.2191239999999993
398,0.2191239999999993
399,0.2191239999999993
400,0.2191239999999993
401,0.22096799999999922
402,0.22096799999999922
403,0.22096799999999922
404,0.22096799999999922
405,0.22332599999999922
406,0.22332599999999922
407,0.22332599999999922
408,0.22332599999999922
409,0.22326199999999966
410,0.22326199999999966
411,0.22326199999999966
412,0.22326199999999966
413,0.22039400000000076
414,0.22039400000000076
415,0.22039400000000076
416,0.22039400000000076
417,0.22058800000000087
418,0.22058800000000087
419,0.22058800000000087
420,0.22058800000000087
421,0.22431199999999998
422,0.22431199999999998
423,0.22431199999999998
424,0.22431199999999998
425,0.22620199999999965
426,0.22620199999999965
427,0.22620199999999965
428,0.22620199999999965
429,0.22797599999999957
430,0.22797599999999957
431,0.22797599999999957
432,0.22797599999999957
433,0.2283959999999998
434,0.2283959999999998
435,0.2283959999999998
436,0.2283959999999998
437,0.22811400000000048
438,0.22811400000000048
439,0.22811400000000048
440,0.22811400000000048
441,0.2282240000000005
442,0.2282240000000005
443,0.2282240000000005
444,0.2282240000000005
445,0.2285899999999999
446,0.2285899999999999
447,0.2285899999999999
448,0.2285899999999999
449,0.22836599999999996
450,0.22836599999999996
451,0.22836599999999996
452,0.22836599999999996
453,0.22757600000000058
454,0.22757600000000058
455,0.22757600000000058
456,0.22757600000000058
457,0.22780000000000084
458,0.22780000000000084
459,0.22780000000000084
460,0.22780000000000084
461,0.22919600000000087
462,0.22919600000000087
463,0.22919600000000087
464,0.22919600000000087
465,0.22845600000000063
466,0.22845600000000063
467,0.22845600000000063
468,0.22845600000000063
469,0.22354599999999974
470,0.22354599999999974
471,0.22354599999999974
472,0.22354599999999974
473,0.22398999999999947
474,0.22398999999999947
475,0.22398999999999947
476,0.22398999999999947
477,0.2298279999999995
478,0.2298279999999995
479,0.2298279999999995
480,0.2298279999999995
481,0.23035999999999948
482,0.23035999999999948
483,0.23035999999999948
484,0.23035999999999948
485,0.22644999999999943
486,0.22644999999999943
487,0.22644999999999943
488,0.22644999999999943
489,0.22581399999999938
490,0.22581399999999938
491,0.22581399999999938
492,0.22581399999999938
493,0.2286419999999992
494,0.2286419999999992
495,0.2286419999999992
496,0.2286419999999992
497,0.2301239999999995
498,0.2301239999999995
499,0.2301239999999995
500,0.2301239999999995
501,0.23046400000000047
502,0.23046400000000047
503,0.23046400000000047
504,0.23046400000000047
505,0.23170800000000086
506,0.23170800000000086
507,0.23170800000000086
508,0.23170800000000086
509,0.23645400000000094
510,0.23645400000000094
511,0.23645400000000094
512,0.23645400000000094
513,0.2437840000000007
514,0.2437840000000007
515,0.2437840000000007
516,0.2437840000000007
517,0.2646119999999998
518,0.2646119999999998
519,0.2646119999999998
520,0.2646119999999998
521,0.2748559999999995
522,0.2748559999999995
523,0.2748559999999995
524,0.2748559999999995
525,0.28148399999999885
526,0.28148399999999885
527,0.28148399999999885
528,0.28148399999999885
529,0.2829499999999986
530,0.2829499999999986
531,0.2829499999999986
532,0.2829499999999986
533,0.28028599999999854
534,0.28028599999999854
535,0.28028599999999854
536,0.28028599999999854
537,0.2773959999999987
538,0.2773959999999987
539,0.2773959999999987
540,0.2773959999999987
541,0.267544
542,0.267544
543,0.267544
544,0.267544
545,0.26453200000000043
546,0.26453200000000043
547,0.26453200000000043
548,0.26453200000000043
549,0.26357600000000064
550,0.26357600000000064
551,0.26357600000000064
552,0.26357600000000064
553,0.2630160000000006
554,0.2630160000000006
555,0.2630160000000006
556,0.2630160000000006
557,0.2624180000000001
558,0.2624180000000001
559,0.2624180000000001
560,0.2624180000000001
561,0.2629940000000001
562,0.2629940000000001
563,0.2629940000000001
564,0.2629940000000001
565,0.2666240000000005
566,0.2666240000000005
567,0.2666240000000005
568,0.2666240000000005
569,0.2685520000000006
570,0.2685520000000006
571,0.2685520000000006
572,0.2685520000000006
573,0.2743720000000006
574,0.2743720000000006
575,0.2743720000000006
576,0.2743720000000006
577,0.2872880000000008
578,0.2872880000000008
579,0.2872880000000008
580,0.2872880000000008
581,0.3182240000000014
582,0.3182240000000014
583,0.3182240000000014
584,0.3182240000000014
585,0.33333400000000146
586,0.33333400000000146
587,0.33333400000000146
588,0.33333400000000146
589,0.34225400000000117
590,0.34225400000000117
591,0.34225400000000117
592,0.34225400000000117
593,0.34916000000000064
594,0.34916000000000064
595,0.34916000000000064
596,0.34916000000000064
597,0.35141999999999973
598,0.35141999999999973
599,0.35141999999999973
600,0.35141999999999973
601,0.3516919999999996
602,0.3516919999999996
603,0.3516919999999996
604,0.3516919999999996
605,0.35015000000000074
606,0.35015000000000074
607,0.35015000000000074
608,0.35015000000000074
609,0.34933600000000065
610,0.34933600000000065
611,0.34933600000000065
612,0.34933600000000065
613,0.34851999999999994
614,0.34851999999999994
615,0.34851999999999994
616,0.34851999999999994
617,0.34797199999999967
618,0.34797199999999967
619,0.34797199999999967
620,0.34797199999999967
621,0.34716599999999964
622,0.34716599999999964
623,0.34716599999999964
624,0.34716599999999964
625,0.34728599999999965
626,0.34728599999999965
627,0.34728599999999965
628,0.34728599999999965
629,0.3482559999999996
630,0.3482559999999996
631,0.3482559999999996
632,0.3482559999999996
633,0.34945199999999993
634,0.34945199999999993
635,0.34945199999999993
636,0.34945199999999993
637,0.35108200000000067
638,0.35108200000000067
639,0.35108200000000067
640,0.35108200000000067
641,0.3496200000000007
642,0.3496200000000007
643,0.3496200000000007
644,0.3496200000000007
645,0.3423640000000004
646,0.3423640000000004
647,0.3423640000000004
648,0.3423640000000004
649,0.3409100000000001
650,0.3409100000000001
651,0.3409100000000001
652,0.3409100000000001
653,0.34471599999999974
654,0.34471599999999974
655,0.34471599999999974
656,0.34471599999999974
657,0.34512199999999965
658,0.34512199999999965
659,0.34512199999999965
660,0.34512199999999965
661,0.3449259999999994
662,0.3449259999999994
663,0.3449259999999994
664,0.3449259999999994
665,0.34403199999999956
666,0.34403199999999956
667,0.34403199999999956
668,0.34403199999999956
669,0.342766
670,0.342766
671,0.342766
672,0.342766
673,0.342814
674,0.342814
675,0.342814
676,0.342814
677,0.34418599999999955
678,0.34418599999999955
679,0.34418599999999955
680,0.34418599999999955
681,0.3451659999999993
682,0.3451659999999993
683,0.3451659999999993
684,0.3451659999999993
685,0.3463399999999993
686,0.3463399999999993
687,0.3463399999999993
688,0.3463399999999993
689,0.3462999999999992
690,0.3462999999999992
691,0.3462999999999992
692,0.3462999999999992
693,0.34432799999999913
694,0.34432799999999913
695,0.34432799999999913
696,0.34432799999999913
697,0.3448119999999991
698,0.3448119999999991
699,0.3448119999999991
700,0.3448119999999991
701,0.3482119999999992
702,0.3482119999999992
703,0.3482119999999992
704,0.3482119999999992
705,0.34860799999999925
706,0.34860799999999925
707,0.34860799999999925
708,0.34860799999999925
709,0.3463459999999993
710,0.3463459999999993
711,0.3463459999999993
712,0.3463459999999993
713,0.34575399999999956
714,0.34575399999999956
715,0.34575399999999956
716,0.34575399999999956
717,0.3458800000000004
718,0.3458800000000004
719,0.3458800000000004
720,0.3458800000000004
721,0.34649200000000047
722,0.34649200000000047
723,0.34649200000000047
724,0.34649200000000047
725,0.34872600000000004
726,0.34872600000000004
727,0.34872600000000004
728,0.34872600000000004
729,0.35046199999999983
730,0.35046199999999983
731,0.35046199999999983
732,0.35046199999999983
733,0.3538119999999996
734,0.3538119999999996
735,0.3538119999999996
736,0.3538119999999996
737,0.3544759999999996
738,0.3544759999999996
739,0.3544759999999996
740,0.3544759999999996
741,0.3528559999999999
742,0.3528559999999999
743,0.3528559999999999
744,0.3528559999999999
745,0.3527760000000001
746,0.3527760000000001
747,0.3527760000000001
748,0.3527760000000001
749,0.3536880000000001
750,0.3536880000000001
751,0.3536880000000001
752,0.3536880000000001
753,0.3530840000000002
754,0.3530840000000002
755,0.3530840000000002
756,0.3530840000000002
757,0.35088399999999975
758,0.35088399999999975
759,0.35088399999999975
760,0.35088399999999975
761,0.3488120000000002
762,0.3488120000000002
763,0.3488120000000002
764,0.3488120000000002
765,0.34559600000000107
766,0.34559600000000107
767,0.34559600000000107
768,0.34559600000000107
769,0.3479560000000012
770,0.3479560000000012
771,0.3479560000000012
772,0.3479560000000012
773,0.3592560000000003
774,0.3592560000000003
775,0.3592560000000003
776,0.3592560000000003
777,0.3634999999999999
778,0.3634999999999999
779,0.3634999999999999
780,0.3634999999999999
781,0.36683999999999944
782,0.36683999999999944
783,0.36683999999999944
784,0.36683999999999944
785,0.3685919999999994
786,0.3685919999999994
787,0.3685919999999994
788,0.3685919999999994
789,0.36952799999999975
790,0.36952799999999975
791,0.36952799999999975
792,0.36952799999999975
793,0.3717719999999997
794,0.3717719999999997
795,0.3717719999999997
796,0.3717719999999997
797,0.3755519999999997
798,0.3755519999999997
799,0.3755519999999997
800,0.3755519999999997
801,0.38778799999999947
802,0.38778799999999947
803,0.38778799999999947
804,0.38778799999999947
805,0.4199399999999988
806,0.4199399999999988
807,0.4199399999999988
808,0.4199399999999988
809,0.42761999999999856
810,0.42761999999999856
811,0.42761999999999856
812,0.42761999999999856
813,0.4297839999999984
814,0.4297839999999984
815,0.4297839999999984
816,0.4297839999999984
817,0.4302879999999984
818,0.4302879999999984
819,0.4302879999999984
820,0.4302879999999984
821,0.43415199999999865
822,0.43415199999999865
823,0.43415199999999865
824,0.43415199999999865
825,0.43509599999999904
826,0.43509599999999904
827,0.43509599999999904
828,0.43509599999999904
829,0.4334880000000003
830,0.4334880000000003
831,0.4334880000000003
832,0.4334880000000003
833,0.43357200000000035
834,0.43357200000000035
835,0.43357200000000035
836,0.43357200000000035
837,0.4363099999999991
838,0.4363099999999991
839,0.4363099999999991
840,0.4363099999999991
841,0.4392339999999989
842,0.4392339999999989
843,0.4392339999999989
844,0.4392339999999989
845,0.4444019999999991
846,0.4444019999999991
847,0.4444019999999991
848,0.4444019999999991
849,0.4464019999999994
850,0.4464019999999994
851,0.4464019999999994
852,0.4464019999999994
853,0.44587400000000066
854,0.44587400000000066
855,0.44587400000000066
856,0.44587400000000066
857,0.4463620000000005
858,0.4463620000000005
859,0.4463620000000005
860,0.4463620000000005
861,0.44841999999999893
862,0.44841999999999893
863,0.44841999999999893
864,0.44841999999999893
865,0.4484159999999989
866,0.4484159999999989
867,0.4484159999999989
868,0.4484159999999989
869,0.445868
870,0.445868
871,0.445868
872,0.445868
873,0.44505999999999984
874,0.44505999999999984
875,0.44505999999999984
876,0.44505999999999984
877,0.4453059999999985
878,0.4453059999999985
879,0.4453059999999985
880,0.4453059999999985
881,0.44594399999999773
882,0.44594399999999773
883,0.44594399999999773
884,0.44594399999999773
885,0.44735599999999764
886,0.44735599999999764
887,0.44735599999999764
888,0.44735599999999764
889,0.44817199999999763
890,0.44817199999999763
891,0.44817199999999763
892,0.44817199999999763
893,0.44920799999999794
894,0.44920799999999794
895,0.44920799999999794
896,0.44920799999999794
897,0.4485399999999988
898,0.4485399999999988
899,0.4485399999999988
900,0.4485399999999988
901,0.44539600000000046
902,0.44539600000000046
903,0.44539600000000046
904,0.44539600000000046
905,0.4444720000000004
906,0.4444720000000004
907,0.4444720000000004
908,0.4444720000000004
909,0.4435119999999988
910,0.4435119999999988
911,0.4435119999999988
912,0.4435119999999988
913,0.44102199999999886
914,0.44102199999999886
915,0.44102199999999886
916,0.44102199999999886
917,0.43581800000000015
918,0.43581800000000015
919,0.43581800000000015
920,0.43581800000000015
921,0.4380140000000004
922,0.4380140000000004
923,0.4380140000000004
924,0.4380140000000004
925,0.4510099999999996
926,0.4510099999999996
927,0.4510099999999996
928,0.4510099999999996
929,0.458428
930,0.458428
931,0.458428
932,0.458428
933,0.4657540000000015
934,0.4657540000000015
935,0.4657540000000015
936,0.4657540000000015
937,0.4699780000000022
938,0.4699780000000022
939,0.4699780000000022
940,0.4699780000000022
941,0.47506800000000243
942,0.47506800000000243
943,0.47506800000000243
944,0.47506800000000243
945,0.47537600000000246
946,0.47537600000000246
947,0.47537600000000246
948,0.47537600000000246
949,0.47091000000000205
950,0.47091000000000205
951,0.47091000000000205
952,0.47091000000000205
953,0.4697740000000016
954,0.4697740000000016
955,0.4697740000000016
956,0.4697740000000016
957,0.4711220000000001
958,0.4711220000000001
959,0.4711220000000001
960,0.4711220000000001
961,0.46969199999999944
962,0.46969199999999944
963,0.46969199999999944
964,0.46969199999999944
965,0.46509399999999923
966,0.46509399999999923
967,0.46509399999999923
968,0.46509399999999923
969,0.46460399999999935
970,0.46460399999999935
971,0.46460399999999935
972,0.46460399999999935
973,0.46782800000000035
974,0.46782800000000035
975,0.46782800000000035
976,0.46782800000000035
977,0.4675240000000007
978,0.4675240000000007
979,0.4675240000000007
980,0.4675240000000007
981,0.46274800000000144
982,0.46274800000000144
983,0.46274800000000144
984,0.46274800000000144
985,0.46209200000000117
986,0.46209200000000117
987,0.46209200000000117
988,0.46209200000000117
989,0.4643739999999999
990,0.4643739999999999
991,0.4643739999999999
992,0.4643739999999999
993,0.4644739999999994
994,0.4644739999999994
995,0.4644739999999994
996,0.4644739999999994
997,0.4635639999999993
998,0.4635639999999993
999,0.4635639999999993
1000,0.4635639999999993
1001,0.4673980000000001
1002,0.4673980000000001
1003,0.4673980000000001
1004,0.4673980000000001
1005,0.480598000000002
1006,0.480598000000002
1007,0.480598000000002
1008,0.480598000000002
1009,0.482422000000002
1010,0.482422000000002
1011,0.482422000000002
1012,0.482422000000002
1013,0.4785760000000003
1014,0.4785760000000003
1015,0.4785760000000003
1016,0.4785760000000003
1017,0.47601999999999917
1018,0.47601999999999917
1019,0.47601999999999917
1020,0.47601999999999917
1021,0.4760479999999985
1022,0.4760479999999985
1023,0.4760479999999985
1024,0.4760479999999985
1025,0.4756959999999983
1026,0.4756959999999983
1027,0.4756959999999983
1028,0.4756959999999983
1029,0.47650799999999816
1030,0.47650799999999816
1031,0.47650799999999816
1032,0.47650799999999816
1033,0.47888799999999815
1034,0.47888799999999815
1035,0.47888799999999815
1036,0.47888799999999815
1037,0.47881999999999814
1038,0.47881999999999814
1039,0.47881999999999814
1040,0.47881999999999814
1041,0.47841599999999807
1042,0.47841599999999807
1043,0.47841599999999807
1044,0.47841599999999807
1045,0.47872799999999816
1046,0.47872799999999816
1047,0.47872799999999816
1048,0.47872799999999816
1049,0.4763879999999983
1050,0.4763879999999983
1051,0.4763879999999983
1052,0.4763879999999983
1053,0.47644399999999837
1054,0.47644399999999837
1055,0.47644399999999837
1056,0.47644399999999837
1057,0.4781719999999991
1058,0.4781719999999991
1059,0.4781719999999991
1060,0.4781719999999991
1061,0.4781719999999991
1062,0.4781719999999991
1063,0.4781719999999991
1064,0.4781719999999991
1065,0.4841640000000002
1066,0.4841640000000002
1067,0.4841640000000002
1068,0.4841640000000002
1069,0.4841640000000002
1070,0.4841640000000002
1071,0.4841640000000002
1072,0.4841640000000002
1073,0.486676000000001
1074,0.486676000000001
1075,0.486676000000001
1076,0.486676000000001
1077,0.486676000000001
1078,0.486676000000001
1079,0.486676000000001
1080,0.486676000000001
1081,0.4868020000000011
1082,0.4868020000000011
1083,0.4868020000000011
1084,0.4868020000000011
1085,0.48685800000000107
1086,0.48685800000000107
1087,0.48685800000000107
1088,0.48685800000000107
1089,0.4848000000000005
1090,0.4848000000000005
1091,0.4848000000000005
1092,0.4848000000000005
1093,0.4848000000000005
1094,0.4848000000000005
1095,0.4848000000000005
1096,0.4848000000000005
1097,0.47763999999999895
1098,0.47763999999999895
1099,0.47763999999999895
1100,0.47763999999999895
1101,0.47763999999999895
1102,0.47763999999999895
1103,0.47763999999999895
1104,0.47763999999999895
1105,0.47804799999999886
1106,0.47804799999999886
1107,0.47804799999999886
1108,0.47804799999999886
1109,0.47804799999999886
1110,0.47804799999999886
1111,0.47804799999999886
1112,0.47804799999999886
1113,0.4869080000000005
1114,0.4869080000000005
1115,0.4869080000000005
1116,0.4869080000000005
1117,0.4869080000000005
1118,0.4869080000000005
1119,0.4869080000000005
1120,0.4869080000000005
1121,0.49012800000000073
1122,0.49012800000000073
1123,0.49012800000000073
1124,0.49012800000000073
1125,0.49012800000000073
1126,0.49012800000000073
1127,0.49012800000000073
1128,0.49012800000000073
1129,0.49103600000000003
1130,0.49103600000000003
1131,0.49103600000000003
1132,0.49103600000000003
1133,0.49103600000000003
1134,0.49103600000000003
1135,0.49103600000000003
1136,0.49103600000000003
1137,0.4945799999999994
1138,0.4945799999999994
1139,0.4945799999999994
1140,0.4945799999999994
1141,0.4945799999999994
1142,0.4945799999999994
1143,0.4945799999999994
1144,0.4945799999999994
1145,0.5006239999999984
1146,0.5006239999999984
1147,0.5006239999999984
1148,0.5006239999999984
1149,0.5006239999999984
1150,0.5006239999999984
1151,0.5006239999999984
1152,0.5006239999999984
1153,0.5202439999999986
1154,0.5202439999999986
1155,0.5202439999999986
1156,0.5202439999999986
1157,0.5202439999999986
1158,0.5202439999999986
1159,0.5202439999999986
1160,0.5202439999999986
1161,0.5759039999999997
1162,0.5759039999999997
1163,0.5759039999999997
1164,0.5759039999999997
1165,0.5759039999999997
1166,0.5759039999999997
1167,0.5759039999999997
1168,0.5759039999999997
1169,0.5986319999999994
1170,0.5986319999999994
1171,0.5986319999999994
1172,0.5986319999999994
1173,0.5986319999999994
1174,0.5986319999999994
1175,0.5986319999999994
1176,0.5986319999999994
1177,0.6076039999999995
1178,0.6076039999999995
1179,0.6076039999999995
1180,0.6076039999999995
1181,0.6076039999999995
1182,0.6076039999999995
1183,0.6076039999999995
1184,0.6076039999999995
1185,0.6137599999999995
1186,0.6137599999999995
1187,0.6137599999999995
1188,0.6137599999999995
1189,0.6137599999999995
1190,0.6137599999999995
1191,0.6137599999999995
1192,0.6137599999999995
1193,0.6157119999999998
1194,0.6157119999999998
1195,0.6157119999999998
1196,0.6157119999999998
1197,0.6157119999999998
1198,0.6157119999999998
1199,0.6157119999999998
1200,0.6157119999999998
1201,0.6154399999999998
1202,0.6154399999999998
1203,0.6154399999999998
1204,0.6154399999999998
1205,0.6154399999999998
1206,0.6154399999999998
1207,0.6154399999999998
1208,0.6154399999999998
1209,0.6121779999999997
1210,0.6121779999999997
1211,0.6121779999999997
1212,0.6121779999999997
1213,0.6121779999999997
1214,0.6121779999999997
1215,0.6121779999999997
1216,0.6121779999999997
1217,0.6102199999999995
1218,0.6102199999999995
1219,0.6102199999999995
1220,0.6102199999999995
1221,0.6102199999999995
1222,0.6102199999999995
1223,0.6102199999999995
1224,0.6102199999999995
1225,0.6074579999999994
1226,0.6074579999999994
1227,0.6074579999999994
1228,0.6074579999999994
1229,0.6074579999999994
1230,0.6074579999999994
1231,0.6074579999999994
1232,0.6074579999999994
1233,0.6080159999999991
1234,0.6080159999999991
1235,0.6080159999999991
1236,0.6080159999999991
1237,0.6080159999999991
1238,0.6080159999999991
1239,0.6080159999999991
1240,0.6080159999999991
1241,0.6121299999999986
1242,0.6121299999999986
1243,0.6121299999999986
1244,0.6121299999999986
1245,0.6121299999999986
1246,0.6121299999999986
1247,0.6121299999999986
1248,0.6121299999999986
1249,0.6119719999999991
1250,0.6119719999999991
1251,0.6119719999999991
1252,0.6119719999999991
1253,0.6119719999999991
1254,0.6119719999999991
1255,0.6119719999999991
1256,0.6119719999999991
1257,0.6086120000000004
1258,0.6086120000000004
1259,0.6086120000000004
1260,0.6086120000000004
1261,0.6086120000000004
1262,0.6086120000000004
1263,0.6086120000000004
1264,0.6086120000000004
1265,0.6047920000000006
1266,0.6047920000000006
1267,0.6047920000000006
1268,0.6047920000000006
1269,0.6047920000000006
1270,0.6047920000000006
1271,0.6047920000000006
1272,0.6047920000000006
1273,0.5987199999999997
1274,0.5987199999999997
1275,0.5987199999999997
1276,0.5987199999999997
1277,0.5987199999999997
1278,0.5987199999999997
1279,0.5987199999999997
1280,0.5987199999999997
1281,0.5962240000000001
1282,0.5962240000000001
1283,0.5962240000000001
1284,0.5962240000000001
1285,0.5962240000000001
1286,0.5962240000000001
1287,0.5962240000000001
1288,0.5962240000000001
1289,0.5942660000000017
1290,0.5942660000000017
1291,0.5942660000000017
1292,0.5942660000000017
1293,0.5942660000000017
1294,0.5942660000000017
1295,0.5942660000000017
1296,0.5942660000000017
1297,0.5974640000000019
1298,0.5974640000000019
1299,0.5974640000000019
1300,0.5974640000000019
1301,0.5974640000000019
1302,0.5974640000000019
1303,0.5974640000000019
1304,0.5974640000000019
1305,0.6081720000000016
1306,0.6081720000000016
1307,0.6081720000000016
1308,0.6081720000000016
1309,0.6081720000000016
1310,0.6081720000000016
1311,0.6081720000000016
1312,0.6081720000000016
1313,0.6112280000000015
1314,0.6112280000000015
1315,0.6112280000000015
1316,0.6112280000000015
1317,0.6112280000000015
1318,0.6112280000000015
1319,0.6112280000000015
1320,0.6112280000000015
1321,0.6087720000000014
1322,0.6087720000000014
1323,0.6087720000000014
1324,0.6087720000000014
1325,0.6087720000000014
1326,0.6087720000000014
1327,0.6087720000000014
1328,0.6087720000000014
1329,0.607182000000001
1330,0.607182000000001
1331,0.607182000000001
1332,0.607182000000001
1333,0.607182000000001
1334,0.607182000000001
1335,0.607182000000001
1336,0.607182000000001
1337,0.60308
1338,0.60308
1339,0.60308
1340,0.60308
1341,0.60308
1342,0.60308
1343,0.60308
1344,0.60308
1345,0.6016239999999998
1346,0.6016239999999998
1347,0.6016239999999998
1348,0.6016239999999998
1349,0.6016239999999998
1350,0.6016239999999998
1351,0.6016239999999998
1352,0.6016239999999998
1353,0.6010160000000003
1354,0.6010160000000003
1355,0.6010160000000003
1356,0.6010160000000003
1357,0.6010160000000003
1358,0.6010160000000003
1359,0.6010160000000003
1360,0.6010160000000003
1361,0.603884
1362,0.603884
1363,0.603884
1364,0.603884
1365,0.603884
1366,0.603884
1367,0.603884
1368,0.603884
1369,0.6120619999999987
1370,0.6120619999999987
1371,0.6120619999999987
1372,0.6120619999999987
1373,0.6120619999999987
1374,0.6120619999999987
1375,0.6120619999999987
1376,0.6120619999999987
1377,0.6142119999999983
1378,0.6142119999999983
1379,0.6142119999999983
1380,0.6142119999999983
1381,0.6142119999999983
1382,0.6142119999999983
1383,0.6142119999999983
1384,0.6142119999999983
1385,0.6137239999999989
1386,0.6137239999999989
1387,0.6137239999999989
1388,0.6137239999999989
1389,0.6137239999999989
1390,0.6137239999999989
1391,0.6137239999999989
1392,0.6137239999999989
1393,0.6154339999999989
1394,0.6154339999999989
1395,0.6154339999999989
1396,0.6154339999999989
1397,0.6154339999999989
1398,0.6154339999999989
1399,0.6154339999999989
1400,0.6154339999999989
1401,0.615159999999998
1402,0.615159999999998
1403,0.615159999999998
1404,0.615159999999998
1405,0.615159999999998
1406,0.615159999999998
1407,0.615159999999998
1408,0.615159999999998
1409,0.6342079999999978
1410,0.6342079999999978
1411,0.6342079999999978
1412,0.6342079999999978
1413,0.6342079999999978
1414,0.6342079999999978
1415,0.6342079999999978
1416,0.6342079999999978
1417,0.699111999999998
1418,0.699111999999998
1419,0.699111999999998
1420,0.699111999999998
1421,0.699111999999998
1422,0.699111999999998
1423,0.699111999999998
1424,0.699111999999998
1425,0.7241859999999984
1426,0.7241859999999984
1427,0.7241859999999984
1428,0.7241859999999984
1429,0.7241859999999984
1430,0.7241859999999984
1431,0.7241859999999984
1432,0.7241859999999984
1433,0.7418560000000001
1434,0.7418560000000001
1435,0.7418560000000001
1436,0.7418560000000001
1437,0.7418560000000001
1438,0.7418560000000001
1439,0.7418560000000001
1440,0.7418560000000001
1441,0.7467000000000001
1442,0.7467000000000001
1443,0.7467000000000001
1444,0.7467000000000001
1445,0.7467000000000001
1446,0.7467000000000001
1447,0.7467000000000001
1448,0.7467000000000001
1449,0.7440519999999988
1450,0.7440519999999988
1451,0.7440519999999988
1452,0.7440519999999988
1453,0.7440519999999988
1454,0.7440519999999988
1455,0.7440519999999988
1456,0.7440519999999988
1457,0.7432539999999989
1458,0.7432539999999989
1459,0.7432539999999989
1460,0.7432539999999989
1461,0.7432539999999989
1462,0.7432539999999989
1463,0.7432539999999989
1464,0.7432539999999989
1465,0.741512
1466,0.741512
1467,0.741512
1468,0.741512
1469,0.741512
1470,0.741512
1471,0.741512
1472,0.741512
1473,0.7415600000000006
1474,0.7415600000000006
1475,0.7415600000000006
1476,0.7415600000000006
1477,0.7415600000000006
1478,0.7415600000000006
1479,0.7415600000000006
1480,0.7415600000000006
1481,0.7435740000000006
1482,0.7435740000000006
1483,0.7435740000000006
1484,0.7435740000000006
1485,0.7435740000000006
1486,0.7435740000000006
1487,0.7435740000000006
1488,0.7435740000000006
1489,0.744544000000001
1490,0.744544000000001
1491,0.744544000000001
1492,0.744544000000001
1493,0.744544000000001
1494,0.744544000000001
1495,0.744544000000001
1496,0.744544000000001
1497,0.7461160000000031
1498,0.7461160000000031
1499,0.7461160000000031
1500,0.7461160000000031
1501,0.7461160000000031
1502,0.7461160000000031
1503,0.7461160000000031
1504,0.7461160000000031
1505,0.7461100000000034
1506,0.7461100000000034
1507,0.7461100000000034
1508,0.7461100000000034
1509,0.7461100000000034
1510,0.7461100000000034
1511,0.7461100000000034
1512,0.7461100000000034
1513,0.7448900000000025
1514,0.7448900000000025
1515,0.7448900000000025
1516,0.7448900000000025
1517,0.7448900000000025
1518,0.7448900000000025
1519,0.7448900000000025
1520,0.7448900000000025
1521,0.7458740000000019
1522,0.7458740000000019
1523,0.7458740000000019
1524,0.7458740000000019
1525,0.7458740000000019
1526,0.7458740000000019
1527,0.7458740000000019
1528,0.7458740000000019
1529,0.7503200000000009
1530,0.7503200000000009
1531,0.7503200000000009
1532,0.7503200000000009
1533,0.7503200000000009
1534,0.7503200000000009
1535,0.7503200000000009
1536,0.7503200000000009
1537,0.7478580000000006
1538,0.7478580000000006
1539,0.7478580000000006
1540,0.7478580000000006
1541,0.7478580000000006
1542,0.7478580000000006
1543,0.7478580000000006
1544,0.7478580000000006
1545,0.734130000000001
1546,0.734130000000001
1547,0.734130000000001
1548,0.734130000000001
1549,0.734130000000001
1550,0.734130000000001
1551,0.734130000000001
1552,0.734130000000001
1553,0.7313040000000007
1554,0.7313040000000007
1555,0.7313040000000007
1556,0.7313040000000007
1557,0.7313040000000007
1558,0.7313040000000007
1559,0.7313040000000007
1560,0.7313040000000007
1561,0.7319699999999988
1562,0.7319699999999988
1563,0.7319699999999988
1564,0.7319699999999988
1565,0.7319699999999988
1566,0.7319699999999988
1567,0.7319699999999988
1568,0.7319699999999988
1569,0.7342259999999988
1570,0.7342259999999988
1571,0.7342259999999988
1572,0.7342259999999988
1573,0.7342259999999988
1574,0.7342259999999988
1575,0.7342259999999988
1576,0.7342259999999988
1577,0.7442640000000008
1578,0.7442640000000008
1579,0.7442640000000008
1580,0.7442640000000008
1581,0.7442640000000008
1582,0.7442640000000008
1583,0.7442640000000008
1584,0.7442640000000008
1585,0.7586140000000012
1586,0.7586140000000012
1587,0.7586140000000012
1588,0.7586140000000012
1589,0.7586140000000012
1590,0.7586140000000012
1591,0.7586140000000012
1592,0.7586140000000012
1593,0.7923340000000004
1594,0.7923340000000004
1595,0.7923340000000004
1596,0.7923340000000004
1597,0.7923340000000004
1598,0.7923340000000004
1599,0.7923340000000004
1600,0.7923340000000004
1601,0.801786
1602,0.801786
1603,0.801786
1604,0.801786
1605,0.801786
1606,0.801786
1607,0.801786
1608,0.801786
1609,0.7983579999999999
1610,0.7983579999999999
1611,0.7983579999999999
1612,0.7983579999999999
1613,0.7983579999999999
1614,0.7983579999999999
1615,0.7983579999999999
1616,0.7983579999999999
1617,0.7976460000000004
1618,0.7976460000000004
1619,0.7976460000000004
1620,0.7976460000000004
1621,0.7976460000000004
1622,0.7976460000000004
1623,0.7976460000000004
1624,0.7976460000000004
1625,0.798834000000001
1626,0.798834000000001
1627,0.798834000000001
1628,0.798834000000001
1629,0.798834000000001
1630,0.798834000000001
1631,0.798834000000001
1632,0.798834000000001
1633,0.7999780000000017
1634,0.7999780000000017
1635,0.7999780000000017
1636,0.7999780000000017
1637,0.7999780000000017
1638,0.7999780000000017
1639,0.7999780000000017
1640,0.7999780000000017
1641,0.8002800000000014
1642,0.8002800000000014
1643,0.8002800000000014
1644,0.8002800000000014
1645,0.8002800000000014
1646,0.8002800000000014
1647,0.8002800000000014
1648,0.8002800000000014
1649,0.8028400000000011
1650,0.8028400000000011
1651,0.8028400000000011
1652,0.8028400000000011
1653,0.8028400000000011
1654,0.8028400000000011
1655,0.8028400000000011
1656,0.8028400000000011
1657,0.8096360000000002
1658,0.8096360000000002
1659,0.8096360000000002
1660,0.8096360000000002
1661,0.8096360000000002
1662,0.8096360000000002
1663,0.8096360000000002
1664,0.8096360000000002
1665,0.8191040000000003
1666,0.8191040000000003
1667,0.8191040000000003
1668,0.8191040000000003
1669,0.8191040000000003
1670,0.8191040000000003
1671,0.8191040000000003
1672,0.8191040000000003
1673,0.8435680000000019
1674,0.8435680000000019
1675,0.8435680000000019
1676,0.8435680000000019
1677,0.8435680000000019
1678,0.8435680000000019
1679,0.8435680000000019
1680,0.8435680000000019
1681,0.851260000000002
1682,0.851260000000002
1683,0.851260000000002
1684,0.851260000000002
1685,0.851260000000002
1686,0.851260000000002
1687,0.851260000000002
1688,0.851260000000002
1689,0.8582240000000022
1690,0.8582240000000022
1691,0.8582240000000022
1692,0.8582240000000022
1693,0.8582240000000022
1694,0.8582240000000022
1695,0.8582240000000022
1696,0.8582240000000022
1697,0.8565080000000022
1698,0.8565080000000022
1699,0.8565080000000022
1700,0.8565080000000022
1701,0.8565080000000022
1702,0.8565080000000022
1703,0.8565080000000022
1704,0.8565080000000022
1705,0.8468980000000021
1706,0.8468980000000021
1707,0.8468980000000021
1708,0.8468980000000021
1709,0.8468980000000021
1710,0.8468980000000021
1711,0.8468980000000021
1712,0.8468980000000021
1713,0.8473700000000016
1714,0.8473700000000016
1715,0.8473700000000016
1716,0.8473700000000016
1717,0.8473700000000016
1718,0.8473700000000016
1719,0.8473700000000016
1720,0.8473700000000016
1721,0.8573360000000003
1722,0.8573360000000003
1723,0.8573360000000003
1724,0.8573360000000003
1725,0.8573360000000003
1726,0.8573360000000003
1727,0.8573360000000003
1728,0.8573360000000003
1729,0.8576859999999998
1730,0.8576859999999998
1731,0.8576859999999998
1732,0.8576859999999998
1733,0.8576859999999998
1734,0.8576859999999998
1735,0.8576859999999998
1736,0.8576859999999998
1737,0.8476159999999991
1738,0.8476159999999991
1739,0.8476159999999991
1740,0.8476159999999991
1741,0.8476159999999991
1742,0.8476159999999991
1743,0.8476159999999991
1744,0.8476159999999991
1745,0.8478399999999998
1746,0.8478399999999998
1747,0.8478399999999998
1748,0.8478399999999998
1749,0.8478399999999998
1750,0.8478399999999998
1751,0.8478399999999998
1752,0.8478399999999998
1753,0.8582480000000015
1754,0.8582480000000015
1755,0.8582480000000015
1756,0.8582480000000015
1757,0.8582480000000015
1758,0.8582480000000015
1759,0.8582480000000015
1760,0.8582480000000015
1761,0.8631400000000023
1762,0.8631400000000023
1763,0.8631400000000023
1764,0.8631400000000023
1765,0.8631400000000023
1766,0.8631400000000023
1767,0.8631400000000023
1768,0.8631400000000023
1769,0.8643900000000031
1770,0.8643900000000031
1771,0.8643900000000031
1772,0.8643900000000031
1773,0.8643900000000031
1774,0.8643900000000031
1775,0.8643900000000031
1776,0.8643900000000031
1777,0.8651860000000032
1778,0.8651860000000032
1779,0.8651860000000032
1780,0.8651860000000032
1781,0.8651860000000032
1782,0.8651860000000032
1783,0.8651860000000032
1784,0.8651860000000032
1785,0.8718700000000025
1786,0.8718700000000025
1787,0.8718700000000025
1788,0.8718700000000025
1789,0.8718700000000025
1790,0.8718700000000025
1791,0.8718700000000025
1792,0.8718700000000025
1793,0.8831600000000018
1794,0.8831600000000018
1795,0.8831600000000018
1796,0.8831600000000018
1797,0.8831600000000018
1798,0.8831600000000018
1799,0.8831600000000018
1800,0.8831600000000018
1801,0.915557999999998
1802,0.915557999999998
1803,0.915557999999998
1804,0.915557999999998
1805,0.915557999999998
1806,0.915557999999998
1807,0.915557999999998
1808,0.915557999999998
1809,0.9284619999999977
1810,0.9284619999999977
1811,0.9284619999999977
1812,0.9284619999999977
1813,0.9284619999999977
1814,0.9284619999999977
1815,0.9284619999999977
1816,0.9284619999999977
1817,0.9355640000000018
1818,0.9355640000000018
1819,0.9355640000000018
1820,0.9355640000000018
1821,0.9355640000000018
1822,0.9355640000000018
1823,0.9355640000000018
1824,0.9355640000000018
1825,0.9338860000000024
1826,0.9338860000000024
1827,0.9338860000000024
1828,0.9338860000000024
1829,0.9338860000000024
1830,0.9338860000000024
1831,0.9338860000000024
1832,0.9338860000000024
1833,0.9220900000000002
1834,0.9220900000000002
1835,0.9220900000000002
1836,0.9220900000000002
1837,0.9220900000000002
1838,0.9220900000000002
1839,0.9220900000000002
1840,0.9220900000000002
1841,0.9217599999999997
1842,0.9217599999999997
1843,0.9217599999999997
1844,0.9217599999999997
1845,0.9217599999999997
1846,0.9217599999999997
1847,0.9217599999999997
1848,0.9217599999999997
1849,0.9307119999999991
1850,0.9307119999999991
1851,0.9307119999999991
1852,0.9307119999999991
1853,0.9307119999999991
1854,0.9307119999999991
1855,0.9307119999999991
1856,0.9307119999999991
1857,0.9365399999999998
1858,0.9365399999999998
1859,0.9365399999999998
1860,0.9365399999999998
1861,0.9365399999999998
1862,0.9365399999999998
1863,0.9365399999999998
1864,0.9365399999999998
1865,0.9439340000000018
1866,0.9439340000000018
1867,0.9439340000000018
1868,0.9439340000000018
1869,0.9439340000000018
1870,0.9439340000000018
1871,0.9439340000000018
1872,0.9439340000000018
1873,0.9475040000000026
1874,0.9475040000000026
1875,0.9475040000000026
1876,0.9475040000000026
1877,0.9475040000000026
1878,0.9475040000000026
1879,0.9475040000000026
1880,0.9475040000000026
1881,0.9541640000000018
1882,0.9541640000000018
1883,0.9541640000000018
1884,0.9541640000000018
1885,0.9541640000000018
1886,0.9541640000000018
1887,0.9541640000000018
1888,0.9541640000000018
1889,0.9549740000000007
1890,0.9549740000000007
1891,0.9549740000000007
1892,0.9549740000000007
1893,0.9549740000000007
1894,0.9549740000000007
1895,0.9549740000000007
1896,0.9549740000000007
1897,0.9506899999999976
1898,0.9506899999999976
1899,0.9506899999999976
1900,0.9506899999999976
1901,0.9506899999999976
1902,0.9506899999999976
1903,0.9506899999999976
1904,0.9506899999999976
1905,0.9485339999999962
1906,0.9485339999999962
1907,0.9485339999999962
1908,0.9485339999999962
1909,0.9485339999999962
1910,0.9485339999999962
1911,0.9485339999999962
1912,0.9485339999999962
1913,0.9420999999999955
1914,0.9420999999999955
1915,0.9420999999999955
1916,0.9420999999999955
1917,0.9420999999999955
1918,0.9420999999999955
1919,0.9420999999999955
1920,0.9420999999999955
1921,0.9461199999999955
1922,0.9461199999999955
1923,0.9461199999999955
1924,0.9461199999999955
1925,0.9461199999999955
1926,0.9461199999999955
1927,0.9461199999999955
1928,0.9461199999999955
1929,0.9662239999999963
1930,0.9662239999999963
1931,0.9662239999999963
1932,0.9662239999999963
1933,0.9662239999999963
1934,0.9662239999999963
1935,0.9662239999999963
1936,0.9662239999999963
1937,0.9739339999999972
1938,0.9739339999999972
1939,0.9739339999999972
1940,0.9739339999999972
1941,0.9739339999999972
1942,0.9739339999999972
1943,0.9739339999999972
1944,0.9739339999999972
1945,0.9837560000000003
1946,0.9837560000000003
1947,0.9837560000000003
1948,0.9837560000000003
1949,0.9837560000000003
1950,0.9837560000000003
1951,0.9837560000000003
1952,0.9837560000000003
1953,0.9859220000000003
1954,0.9859220000000003
1955,0.9859220000000003
1956,0.9859220000000003
1957,0.9859220000000003
1958,0.9859220000000003
1959,0.9859220000000003
1960,0.9859220000000003
1961,0.9847659999999978
1962,0.9847659999999978
1963,0.9847659999999978
1964,0.9847659999999978
1965,0.9847659999999978
1966,0.9847659999999978
1967,0.9847659999999978
1968,0.9847659999999978
1969,0.9813599999999978
1970,0.9813599999999978
1971,0.9813599999999978
1972,0.9813599999999978
1973,0.9813599999999978
1974,0.9813599999999978
1975,0.9813599999999978
1976,0.9813599999999978
1977,0.9688239999999999
1978,0.9688239999999999
1979,0.9688239999999999
1980,0.9688239999999999
1981,0.9688239999999999
1982,0.9688239999999999
1983,0.9688239999999999
1984,0.9688239999999999
1985,0.9656280000000008
1986,0.9656280000000008
1987,0.9656280000000008
1988,0.9656280000000008
1989,0.9656280000000008
1990,0.9656280000000008
1991,0.9656280000000008
1992,0.9656280000000008
1993,0.9671360000000014
1994,0.9671360000000014
1995,0.9671360000000014
1996,0.9671360000000014
1997,0.9671360000000014
1998,0.9671360000000014
1999,0.9671360000000014
2000,0.9671360000000014
2001,0.9703180000000007
2002,0.9703180000000007
2003,0.9703180000000007
2004,0.9703180000000007
2005,0.9703180000000007
2006,0.9703180000000007
2007,0.9703180000000007
2008,0.9703180000000007
2009,0.9769031666666645
2010,0.9769031666666645
2011,0.9769031666666645
2012,0.9769031666666645
2013,0.9769031666666645
2014,0.9769031666666645
2015,0.9769031666666645
2016,0.9769031666666645
2017,0.9803838333333302
2018,0.9803838333333302
2019,0.9803838333333302
2020,0.9803838333333302
2021,0.9803838333333302
2022,0.9803838333333302
2023,0.9803838333333302
2024,0.9803838333333302
2025,0.9836083666666636
2026,0.9836083666666636
2027,0.9836083666666636
2028,0.9836083666666636
2029,0.9836083666666636
2030,0.9836083666666636
2031,0.9836083666666636
2032,0.9836083666666636
2033,0.9840641666666649
2034,0.9840641666666649
2035,0.9840641666666649
2036,0.9840641666666649
2037,0.9840641666666649
2038,0.9840641666666649
2039,0.9840641666666649
2040,0.9840641666666649
2041,0.9807576238095252
2042,0.9807576238095252
2043,0.9807576238095252
2044,0.9807576238095252
2045,0.9807576238095252
2046,0.9807576238095252
2047,0.9807576238095252
2048,0.9807576238095252
2049,0.9817176238095253
2050,0.9817176238095253
2051,0.9817176238095253
2052,0.9817176238095253
2053,0.9817176238095253
2054,0.9817176238095253
2055,0.9817176238095253
2056,0.9817176238095253
2057,0.9843096238095255
2058,0.9843096238095255
2059,0.9843096238095255
2060,0.9843096238095255
2061,0.9843096238095255
2062,0.9843096238095255
2063,0.9843096238095255
2064,0.9843096238095255
2065,1.0182187999999988
2066,1.0182187999999988
2067,1.0182187999999988
2068,1.0182187999999988
2069,1.0182187999999988
2070,1.0182187999999988
2071,1.0182187999999988
2072,1.0182187999999988
2073,1.0198987999999987
2074,1.0198987999999987
2075,1.0198987999999987
2076,1.0198987999999987
2077,1.0198987999999987
2078,1.0198987999999987
2079,1.0198987999999987
2080,1.0198987999999987
2081,1.040942166666664
2082,1.040942166666664
2083,1.040942166666664
2084,1.040942166666664
2085,1.040942166666664
2086,1.040942166666664
2087,1.040942166666664
2088,1.040942166666664
2089,1.041902166666664
2090,1.041902166666664
2091,1.041902166666664
2092,1.041902166666664
2093,1.041902166666664
2094,1.041902166666664
2095,1.041902166666664
2096,1.041902166666664
2097,1.059168166666663
2098,1.059168166666663
2099,1.059168166666663
2100,1.059168166666663
2101,1.059168166666663
2102,1.059168166666663
2103,1.059168166666663
2104,1.059168166666663
2105,1.059168166666663
2106,1.059168166666663
2107,1.059168166666663
2108,1.059168166666663
2109,1.059168166666663
2110,1.059168166666663
2111,1.059168166666663
2112,1.059168166666663
2113,1.0650083333333298
2114,1.0650083333333298
2115,1.0650083333333298
2116,1.0650083333333298
2117,1.0650083333333298
2118,1.0650083333333298
2119,1.0650083333333298
2120,1.0650083333333298
2121,1.0650083333333298
2122,1.0650083333333298
2123,1.0650083333333298
2124,1.0650083333333298
2125,1.0650083333333298
2126,1.0650083333333298
2127,1.0650083333333298
2128,1.0650083333333298
2129,1.0651333333333322
2130,1.0651333333333322
2131,1.0651333333333322
2132,1.0651333333333322
2133,1.0651333333333322
2134,1.0651333333333322
2135,1.0651333333333322
2136,1.0651333333333322
2137,1.0651333333333322
2138,1.0651333333333322
2139,1.0651333333333322
2140,1.0651333333333322
2141,1.0651333333333322
2142,1.0651333333333322
2143,1.0651333333333322
2144,1.0651333333333322
2145,1.0642399999999996
2146,1.0642399999999996
2147,1.0642399999999996
2148,1.0642399999999996
2149,1.0642399999999996
2150,1.0642399999999996
2151,1.0642399999999996
2152,1.0642399999999996
2153,1.0642399999999996
2154,1.0642399999999996
2155,1.0642399999999996
2156,1.0642399999999996
2157,1.0642399999999996
2158,1.0642399999999996
2159,1.0642399999999996
2160,1.0642399999999996
2161,1.0609599999999988
2162,1.0609599999999988
2163,1.0609599999999988
2164,1.0609599999999988
2165,1.0609599999999988
2166,1.0609599999999988
2167,1.0609599999999988
2168,1.0609599999999988
2169,1.0609599999999988
2170,1.0609599999999988
2171,1.0609599999999988
2172,1.0609599999999988
2173,1.0609599999999988
2174,1.0609599999999988
2175,1.0609599999999988
2176,1.0609599999999988
2177,1.0602159999999996
2178,1.0602159999999996
2179,1.0602159999999996
2180,1.0602159999999996
2181,1.0602159999999996
2182,1.0602159999999996
2183,1.0602159999999996
2184,1.0602159999999996
2185,1.0602159999999996
2186,1.0602159999999996
2187,1.0602159999999996
2188,1.0602159999999996
2189,1.0602159999999996
2190,1.0602159999999996
2191,1.0602159999999996
2192,1.0602159999999996
2193,1.061900000000002
2194,1.061900000000002
2195,1.061900000000002
2196,1.061900000000002
2197,1.061900000000002
2198,1.061900000000002
2199,1.061900000000002
2200,1.061900000000002
2201,1.061900000000002
2202,1.061900000000002
2203,1.061900000000002
2204,1.061900000000002
2205,1.061900000000002
2206,1.061900000000002
2207,1.061900000000002
2208,1.061900000000002
2209,1.0641000000000032
2210,1.0641000000000032
2211,1.0641000000000032
2212,1.0641000000000032
2213,1.0641000000000032
2214,1.0641000000000032
2215,1.0641000000000032
2216,1.0641000000000032
2217,1.0641000000000032
2218,1.0641000000000032
2219,1.0641000000000032
2220,1.0641000000000032
2221,1.0641000000000032
2222,1.0641000000000032
2223,1.0641000000000032
2224,1.0641000000000032
2225,1.0706080000000044
2226,1.0706080000000044
2227,1.0706080000000044
2228,1.0706080000000044
2229,1.0706080000000044
2230,1.0706080000000044
2231,1.0706080000000044
2232,1.0706080000000044
2233,1.0706080000000044
2234,1.0706080000000044
2235,1.0706080000000044
2236,1.0706080000000044
2237,1.0706080000000044
2238,1.0706080000000044
2239,1.0706080000000044
2240,1.0706080000000044
2241,1.0746520000000033
2242,1.0746520000000033
2243,1.0746520000000033
2244,1.0746520000000033
2245,1.0746520000000033
2246,1.0746520000000033
2247,1.0746520000000033
2248,1.0746520000000033
2249,1.0746520000000033
2250,1.0746520000000033
2251,1.0746520000000033
2252,1.0746520000000033
2253,1.0746520000000033
2254,1.0746520000000033
2255,1.0746520000000033
2256,1.0746520000000033
2257,1.0792159999999986
2258,1.0792159999999986
2259,1.0792159999999986
2260,1.0792159999999986
2261,1.0792159999999986
2262,1.0792159999999986
2263,1.0792159999999986
2264,1.0792159999999986
2265,1.0792159999999986
2266,1.0792159999999986
2267,1.0792159999999986
2268,1.0792159999999986
2269,1.0792159999999986
2270,1.0792159999999986
2271,1.0792159999999986
2272,1.0792159999999986
2273,1.0811599999999981
2274,1.0811599999999981
2275,1.0811599999999981
2276,1.0811599999999981
2277,1.0811599999999981
2278,1.0811599999999981
2279,1.0811599999999981
2280,1.0811599999999981
2281,1.0811599999999981
2282,1.0811599999999981
2283,1.0811599999999981
2284,1.0811599999999981
2285,1.0811599999999981
2286,1.0811599999999981
2287,1.0811599999999981
2288,1.0811599999999981
2289,1.0796559999999993
2290,1.0796559999999993
2291,1.0796559999999993
2292,1.0796559999999993
2293,1.0796559999999993
2294,1.0796559999999993
2295,1.0796559999999993
2296,1.0796559999999993
2297,1.0796559999999993
2298,1.0796559999999993
2299,1.0796559999999993
2300,1.0796559999999993
2301,1.0796559999999993
2302,1.0796559999999993
2303,1.0796559999999993
2304,1.0796559999999993
2305,1.090327999999999
2306,1.090327999999999
2307,1.090327999999999
2308,1.090327999999999
2309,1.090327999999999
2310,1.090327999999999
2311,1.090327999999999
2312,1.090327999999999
2313,1.090327999999999
2314,1.090327999999999
2315,1.090327999999999
2316,1.090327999999999
2317,1.090327999999999
2318,1.090327999999999
2319,1.090327999999999
2320,1.090327999999999
2321,1.118431999999997
2322,1.118431999999997
2323,1.118431999999997
2324,1.118431999999997
2325,1.118431999999997
2326,1.118431999999997
2327,1.118431999999997
2328,1.118431999999997
2329,1.118431999999997
2330,1.118431999999997
2331,1.118431999999997
2332,1.118431999999997
2333,1.118431999999997
2334,1.118431999999997
2335,1.118431999999997
2336,1.118431999999997
2337,1.1278719999999973
2338,1.1278719999999973
2339,1.1278719999999973
2340,1.1278719999999973
2341,1.1278719999999973
2342,1.1278719999999973
2343,1.1278719999999973
2344,1.1278719999999973
2345,1.1278719999999973
2346,1.1278719999999973
2347,1.1278719999999973
2348,1.1278719999999973
2349,1.1278719999999973
2350,1.1278719999999973
2351,1.1278719999999973
2352,1.1278719999999973
2353,1.1307479999999996
2354,1.1307479999999996
2355,1.1307479999999996
2356,1.1307479999999996
2357,1.1307479999999996
2358,1.1307479999999996
2359,1.1307479999999996
2360,1.1307479999999996
2361,1.1307479999999996
2362,1.1307479999999996
2363,1.1307479999999996
2364,1.1307479999999996
2365,1.1307479999999996
2366,1.1307479999999996
2367,1.1307479999999996
2368,1.1307479999999996
2369,1.1306999999999998
2370,1.1306999999999998
2371,1.1306999999999998
2372,1.1306999999999998
2373,1.1306999999999998
2374,1.1306999999999998
2375,1.1306999999999998
2376,1.1306999999999998
2377,1.1306999999999998
2378,1.1306999999999998
2379,1.1306999999999998
2380,1.1306999999999998
2381,1.1306999999999998
2382,1.1306999999999998
2383,1.1306999999999998
2384,1.1306999999999998
2385,1.132163999999999
2386,1.132163999999999
2387,1.132163999999999
2388,1.132163999999999
2389,1.132163999999999
2390,1.132163999999999
2391,1.132163999999999
2392,1.132163999999999
2393,1.132163999999999
2394,1.132163999999999
2395,1.132163999999999
2396,1.132163999999999
2397,1.132163999999999
2398,1.132163999999999
2399,1.132163999999999
2400,1.132163999999999
2401,1.1355999999999995
2402,1.1355999999999995
2403,1.1355999999999995
2404,1.1355999999999995
2405,1.1355999999999995
2406,1.1355999999999995
2407,1.1355999999999995
2408,1.1355999999999995
2409,1.1355999999999995
2410,1.1355999999999995
2411,1.1355999999999995
2412,1.1355999999999995
2413,1.1355999999999995
2414,1.1355999999999995
2415,1.1355999999999995
2416,1.1355999999999995
2417,1.1413319999999998
2418,1.1413319999999998
2419,1.1413319999999998
2420,1.1413319999999998
2421,1.1413319999999998
2422,1.1413319999999998
2423,1.1413319999999998
2424,1.1413319999999998
2425,1.1413319999999998
2426,1.1413319999999998
2427,1.1413319999999998
2428,1.1413319999999998
2429,1.1413319999999998
2430,1.1413319999999998
2431,1.1413319999999998
2432,1.1413319999999998
2433,1.1516400000000009
2434,1.1516400000000009
2435,1.1516400000000009
2436,1.1516400000000009
2437,1.1516400000000009
2438,1.1516400000000009
2439,1.1516400000000009
2440,1.1516400000000009
2441,1.1516400000000009
2442,1.1516400000000009
2443,1.1516400000000009
2444,1.1516400000000009
2445,1.1516400000000009
2446,1.1516400000000009
2447,1.1516400000000009
2448,1.1516400000000009
2449,1.185116000000002
2450,1.185116000000002
2451,1.185116000000002
2452,1.185116000000002
2453,1.185116000000002
2454,1.185116000000002
2455,1.185116000000002
2456,1.185116000000002
2457,1.185116000000002
2458,1.185116000000002
2459,1.185116000000002
2460,1.185116000000002
2461,1.185116000000002
2462,1.185116000000002
2463,1.185116000000002
2464,1.185116000000002
2465,1.196388000000003
2466,1.196388000000003
2467,1.196388000000003
2468,1.196388000000003
2469,1.196388000000003
2470,1.196388000000003
2471,1.196388000000003
2472,1.196388000000003
2473,1.196388000000003
2474,1.196388000000003
2475,1.196388000000003
2476,1.196388000000003
2477,1.196388000000003
2478,1.196388000000003
2479,1.196388000000003
2480,1.196388000000003
2481,1.194000000000003
2482,1.194000000000003
2483,1.194000000000003
2484,1.194000000000003
2485,1.194000000000003
2486,1.194000000000003
2487,1.194000000000003
2488,1.194000000000003
2489,1.194000000000003
2490,1.194000000000003
2491,1.194000000000003
2492,1.194000000000003
2493,1.194000000000003
2494,1.194000000000003
2495,1.194000000000003
2496,1.194000000000003
2497,1.194344000000003
2498,1.194344000000003
2499,1.194344000000003
2500,1.194344000000003
2501,1.194344000000003
2502,1.194344000000003
2503,1.194344000000003
2504,1.194344000000003
2505,1.194344000000003
2506,1.194344000000003
2507,1.194344000000003
2508,1.194344000000003
2509,1.194344000000003
2510,1.194344000000003
2511,1.194344000000003
2512,1.194344000000003
2513,1.1937280000000026
2514,1.1937280000000026
2515,1.1937280000000026
2516,1.1937280000000026
2517,1.1937280000000026
2518,1.1937280000000026
2519,1.1937280000000026
2520,1.1937280000000026
2521,1.1937280000000026
2522,1.1937280000000026
2523,1.1937280000000026
2524,1.1937280000000026
2525,1.1937280000000026
2526,1.1937280000000026
2527,1.1937280000000026
2528,1.1937280000000026
2529,1.1955960000000023
2530,1.1955960000000023
2531,1.1955960000000023
2532,1.1955960000000023
2533,1.1955960000000023
2534,1.1955960000000023
2535,1.1955960000000023
2536,1.1955960000000023
2537,1.1955960000000023
2538,1.1955960000000023
2539,1.1955960000000023
2540,1.1955960000000023
2541,1.1955960000000023
2542,1.1955960000000023
2543,1.1955960000000023
2544,1.1955960000000023
2545,1.1998120000000019
2546,1.1998120000000019
2547,1.1998120000000019
2548,1.1998120000000019
2549,1.1998120000000019
2550,1.1998120000000019
2551,1.1998120000000019
2552,1.1998120000000019
2553,1.1998120000000019
2554,1.1998120000000019
2555,1.1998120000000019
2556,1.1998120000000019
2557,1.1998120000000019
2558,1.1998120000000019
2559,1.1998120000000019
2560,1.1998120000000019
2561,1.2106520000000005
2562,1.2106520000000005
2563,1.2106520000000005
2564,1.2106520000000005
2565,1.2106520000000005
2566,1.2106520000000005
2567,1.2106520000000005
2568,1.2106520000000005
2569,1.2106520000000005
2570,1.2106520000000005
2571,1.2106520000000005
2572,1.2106520000000005
2573,1.2106520000000005
2574,1.2106520000000005
2575,1.2106520000000005
2576,1.2106520000000005
2577,1.2408759999999976
2578,1.2408759999999976
2579,1.2408759999999976
2580,1.2408759999999976
2581,1.2408759999999976
2582,1.2408759999999976
2583,1.2408759999999976
2584,1.2408759999999976
2585,1.2408759999999976
2586,1.2408759999999976
2587,1.2408759999999976
2588,1.2408759999999976
2589,1.2408759999999976
2590,1.2408759999999976
2591,1.2408759999999976
2592,1.2408759999999976
2593,1.2512019999999968
2594,1.2512019999999968
2595,1.2512019999999968
2596,1.2512019999999968
2597,1.2512019999999968
2598,1.2512019999999968
2599,1.2512019999999968
2600,1.2512019999999968
2601,1.2512019999999968
2602,1.2512019999999968
2603,1.2512019999999968
2604,1.2512019999999968
2605,1.2512019999999968
2606,1.2512019999999968
2607,1.2512019999999968
2608,1.2512019999999968
2609,1.248407999999999
2610,1.248407999999999
2611,1.248407999999999
2612,1.248407999999999
2613,1.248407999999999
2614,1.248407999999999
2615,1.248407999999999
2616,1.248407999999999
2617,1.248407999999999
2618,1.248407999999999
2619,1.248407999999999
2620,1.248407999999999
2621,1.248407999999999
2622,1.248407999999999
2623,1.248407999999999
2624,1.248407999999999
2625,1.2487099999999995
2626,1.2487099999999995
2627,1.2487099999999995
2628,1.2487099999999995
2629,1.2487099999999995
2630,1.2487099999999995
2631,1.2487099999999995
2632,1.2487099999999995
2633,1.2487099999999995
2634,1.2487099999999995
2635,1.2487099999999995
2636,1.2487099999999995
2637,1.2487099999999995
2638,1.2487099999999995
2639,1.2487099999999995
2640,1.2487099999999995
2641,1.2526120000000003
2642,1.2526120000000003
2643,1.2526120000000003
2644,1.2526120000000003
2645,1.2526120000000003
2646,1.2526120000000003
2647,1.2526120000000003
2648,1.2526120000000003
2649,1.2526120000000003
2650,1.2526120000000003
2651,1.2526120000000003
2652,1.2526120000000003
2653,1.2526120000000003
2654,1.2526120000000003
2655,1.2526120000000003
2656,1.2526120000000003
2657,1.255336
2658,1.255336
2659,1.255336
2660,1.255336
2661,1.255336
2662,1.255336
2663,1.255336
2664,1.255336
2665,1.255336
2666,1.255336
2667,1.255336
2668,1.255336
2669,1.255336
2670,1.255336
2671,1.255336
2672,1.255336
2673,1.259719999999999
2674,1.259719999999999
2675,1.259719999999999
2676,1.259719999999999
2677,1.259719999999999
2678,1.259719999999999
2679,1.259719999999999
2680,1.259719999999999
2681,1.259719999999999
2682,1.259719999999999
2683,1.259719999999999
2684,1.259719999999999
2685,1.259719999999999
2686,1.259719999999999
2687,1.259719999999999
2688,1.259719999999999
2689,1.2676439999999989
2690,1.2676439999999989
2691,1.2676439999999989
2692,1.2676439999999989
2693,1.2676439999999989
2694,1.2676439999999989
2695,1.2676439999999989
2696,1.2676439999999989
2697,1.2676439999999989
2698,1.2676439999999989
2699,1.2676439999999989
2700,1.2676439999999989
2701,1.2676439999999989
2702,1.2676439999999989
2703,1.2676439999999989
2704,1.2676439999999989
2705,1.2934119999999973
2706,1.2934119999999973
2707,1.2934119999999973
2708,1.2934119999999973
2709,1.2934119999999973
2710,1.2934119999999973
2711,1.2934119999999973
2712,1.2934119999999973
2713,1.2934119999999973
2714,1.2934119999999973
2715,1.2934119999999973
2716,1.2934119999999973
2717,1.2934119999999973
2718,1.2934119999999973
2719,1.2934119999999973
2720,1.2934119999999973
2721,1.3034519999999974
2722,1.3034519999999974
2723,1.3034519999999974
2724,1.3034519999999974
2725,1.3034519999999974
2726,1.3034519999999974
2727,1.3034519999999974
2728,1.3034519999999974
2729,1.3034519999999974
2730,1.3034519999999974
2731,1.3034519999999974
2732,1.3034519999999974
2733,1.3034519999999974
2734,1.3034519999999974
2735,1.3034519999999974
2736,1.3034519999999974
2737,1.3097260000000004
2738,1.3097260000000004
2739,1.3097260000000004
2740,1.3097260000000004
2741,1.3097260000000004
2742,1.3097260000000004
2743,1.3097260000000004
2744,1.3097260000000004
2745,1.3097260000000004
2746,1.3097260000000004
2747,1.3097260000000004
2748,1.3097260000000004
2749,1.3097260000000004
2750,1.3097260000000004
2751,1.3097260000000004
2752,1.3097260000000004
2753,1.312664000000001
2754,1.312664000000001
2755,1.312664000000001
2756,1.312664000000001
2757,1.312664000000001
2758,1.312664000000001
2759,1.312664000000001
2760,1.312664000000001
2761,1.312664000000001
2762,1.312664000000001
2763,1.312664000000001
2764,1.312664000000001
2765,1.312664000000001
2766,1.312664000000001
2767,1.312664000000001
2768,1.312664000000001
2769,1.317516000000001
2770,1.317516000000001
2771,1.317516000000001
2772,1.317516000000001
2773,1.317516000000001
2774,1.317516000000001
2775,1.317516000000001
2776,1.317516000000001
2777,1.317516000000001
2778,1.317516000000001
2779,1.317516000000001
2780,1.317516000000001
2781,1.317516000000001
2782,1.317516000000001
2783,1.317516000000001
2784,1.317516000000001
2785,1.318740000000001
2786,1.318740000000001
2787,1.318740000000001
2788,1.318740000000001
2789,1.318740000000001
2790,1.318740000000001
2791,1.318740000000001
2792,1.318740000000001
2793,1.318740000000001
2794,1.318740000000001
2795,1.318740000000001
2796,1.318740000000001
2797,1.318740000000001
2798,1.318740000000001
2799,1.318740000000001
2800,1.318740000000001
2801,1.3223800000000019
2802,1.3223800000000019
2803,1.3223800000000019
2804,1.3223800000000019
2805,1.3223800000000019
2806,1.3223800000000019
2807,1.3223800000000019
2808,1.3223800000000019
2809,1.3223800000000019
2810,1.3223800000000019
2811,1.3223800000000019
2812,1.3223800000000019
2813,1.3223800000000019
2814,1.3223800000000019
2815,1.3223800000000019
2816,1.3223800000000019
2817,1.3333560000000015
2818,1.3333560000000015
2819,1.3333560000000015
2820,1.3333560000000015
2821,1.3333560000000015
2822,1.3333560000000015
2823,1.3333560000000015
2824,1.3333560000000015
2825,1.3333560000000015
2826,1.3333560000000015
2827,1.3333560000000015
2828,1.3333560000000015
2829,1.3333560000000015
2830,1.3333560000000015
2831,1.3333560000000015
2832,1.3333560000000015
2833,1.3659120000000011
2834,1.3659120000000011
2835,1.3659120000000011
2836,1.3659120000000011
2837,1.3659120000000011
2838,1.3659120000000011
2839,1.3659120000000011
2840,1.3659120000000011
2841,1.3659120000000011
2842,1.3659120000000011
2843,1.3659120000000011
2844,1.3659120000000011
2845,1.3659120000000011
2846,1.3659120000000011
2847,1.3659120000000011
2848,1.3659120000000011
2849,1.377658000000001
2850,1.377658000000001
2851,1.377658000000001
2852,1.377658000000001
2853,1.377658000000001
2854,1.377658000000001
2855,1.377658000000001
2856,1.377658000000001
2857,1.377658000000001
2858,1.377658000000001
2859,1.377658000000001
2860,1.377658000000001
2861,1.377658000000001
2862,1.377658000000001
2863,1.377658000000001
2864,1.377658000000001
2865,1.380344000000002
2866,1.380344000000002
2867,1.380344000000002
2868,1.380344000000002
2869,1.380344000000002
2870,1.380344000000002
2871,1.380344000000002
2872,1.380344000000002
2873,1.380344000000002
2874,1.380344000000002
2875,1.380344000000002
2876,1.380344000000002
2877,1.380344000000002
2878,1.380344000000002
2879,1.380344000000002
2880,1.380344000000002
2881,1.3787000000000016
2882,1.3787000000000016
2883,1.3787000000000016
2884,1.3787000000000016
2885,1.3787000000000016
2886,1.3787000000000016
2887,1.3787000000000016
2888,1.3787000000000016
2889,1.3787000000000016
2890,1.3787000000000016
2891,1.3787000000000016
2892,1.3787000000000016
2893,1.3787000000000016
2894,1.3787000000000016
2895,1.3787000000000016
2896,1.3787000000000016
2897,1.368689999999999
2898,1.368689999999999
2899,1.368689999999999
2900,1.368689999999999
2901,1.368689999999999
2902,1.368689999999999
2903,1.368689999999999
2904,1.368689999999999
2905,1.368689999999999
2906,1.368689999999999
2907,1.368689999999999
2908,1.368689999999999
2909,1.368689999999999
2910,1.368689999999999
2911,1.368689999999999
2912,1.368689999999999
2913,1.3695679999999995
2914,1.3695679999999995
2915,1.3695679999999995
2916,1.3695679999999995
2917,1.3695679999999995
2918,1.3695679999999995
2919,1.3695679999999995
2920,1.3695679999999995
2921,1.3695679999999995
2922,1.3695679999999995
2923,1.3695679999999995
2924,1.3695679999999995
2925,1.3695679999999995
2926,1.3695679999999995
2927,1.3695679999999995
2928,1.3695679999999995
2929,1.3821640000000042
2930,1.3821640000000042
2931,1.3821640000000042
2932,1.3821640000000042
2933,1.3821640000000042
2934,1.3821640000000042
2935,1.3821640000000042
2936,1.3821640000000042
2937,1.3821640000000042
2938,1.3821640000000042
2939,1.3821640000000042
2940,1.3821640000000042
2941,1.3821640000000042
2942,1.3821640000000042
2943,1.3821640000000042
2944,1.3821640000000042
2945,1.3941320000000053
2946,1.3941320000000053
2947,1.3941320000000053
2948,1.3941320000000053
2949,1.3941320000000053
2950,1.3941320000000053
2951,1.3941320000000053
2952,1.3941320000000053
2953,1.3941320000000053
2954,1.3941320000000053
2955,1.3941320000000053
2956,1.3941320000000053
2957,1.3941320000000053
2958,1.3941320000000053
2959,1.3941320000000053
2960,1.3941320000000053
2961,1.4168580000000042
2962,1.4168580000000042
2963,1.4168580000000042
2964,1.4168580000000042
2965,1.4168580000000042
2966,1.4168580000000042
2967,1.4168580000000042
2968,1.4168580000000042
2969,1.4168580000000042
2970,1.4168580000000042
2971,1.4168580000000042
2972,1.4168580000000042
2973,1.4168580000000042
2974,1.4168580000000042
2975,1.4168580000000042
2976,1.4168580000000042
2977,1.4246220000000034
2978,1.4246220000000034
2979,1.4246220000000034
2980,1.4246220000000034
2981,1.4246220000000034
2982,1.4246220000000034
2983,1.4246220000000034
2984,1.4246220000000034
2985,1.4246220000000034
2986,1.4246220000000034
2987,1.4246220000000034
2988,1.4246220000000034
2989,1.4246220000000034
2990,1.4246220000000034
2991,1.4246220000000034
2992,1.4246220000000034
2993,1.4286340000000017
2994,1.4286340000000017
2995,1.4286340000000017
2996,1.4286340000000017
2997,1.4286340000000017
2998,1.4286340000000017
2999,1.4286340000000017
3000,1.4286340000000017
3001,1.4286340000000017
3002,1.4286340000000017
3003,1.4286340000000017
3004,1.4286340000000017
3005,1.4286340000000017
3006,1.4286340000000017
3007,1.4286340000000017
3008,1.4286340000000017
3009,1.4305280000000011
3010,1.4305280000000011
3011,1.4305280000000011
3012,1.4305280000000011
3013,1.4305280000000011
3014,1.4305280000000011
3015,1.4305280000000011
3016,1.4305280000000011
3017,1.4305280000000011
3018,1.4305280000000011
3019,1.4305280000000011
3020,1.4305280000000011
3021,1.4305280000000011
3022,1.4305280000000011
3023,1.4305280000000011
3024,1.4305280000000011
3025,1.431148000000001
3026,1.431148000000001
3027,1.431148000000001
3028,1.431148000000001
3029,1.431148000000001
3030,1.431148000000001
3031,1.431148000000001
3032,1.431148000000001
3033,1.431148000000001
3034,1.431148000000001
3035,1.431148000000001
3036,1.431148000000001
3037,1.431148000000001
3038,1.431148000000001
3039,1.431148000000001
3040,1.431148000000001
3041,1.4333380000000007
3042,1.4333380000000007
3043,1.4333380000000007
3044,1.4333380000000007
3045,1.4333380000000007
3046,1.4333380000000007
3047,1.4333380000000007
3048,1.4333380000000007
3049,1.4333380000000007
3050,1.4333380000000007
3051,1.4333380000000007
3052,1.4333380000000007
3053,1.4333380000000007
3054,1.4333380000000007
3055,1.4333380000000007
3056,1.4333380000000007
3057,1.4330400000000003
3058,1.4330400000000003
3059,1.4330400000000003
3060,1.4330400000000003
3061,1.4330400000000003
3062,1.4330400000000003
3063,1.4330400000000003
3064,1.4330400000000003
3065,1.4330400000000003
3066,1.4330400000000003
3067,1.4330400000000003
3068,1.4330400000000003
3069,1.4330400000000003
3070,1.4330400000000003
3071,1.4330400000000003
3072,1.4330400000000003
3073,1.443256
3074,1.443256
3075,1.443256
3076,1.443256
3077,1.443256
3078,1.443256
3079,1.443256
3080,1.443256
3081,1.443256
3082,1.443256
3083,1.443256
3084,1.443256
3085,1.443256
3086,1.443256
3087,1.443256
3088,1.443256
3089,1.476099999999998
3090,1.476099999999998
3091,1.476099999999998
3092,1.476099999999998
3093,1.476099999999998
3094,1.476099999999998
3095,1.476099999999998
3096,1.476099999999998
3097,1.476099999999998
3098,1.476099999999998
3099,1.476099999999998
3100,1.476099999999998
3101,1.476099999999998
3102,1.476099999999998
3103,1.476099999999998
3104,1.476099999999998
3105,1.4914399999999983
3106,1.4914399999999983
3107,1.4914399999999983
3108,1.4914399999999983
3109,1.4914399999999983
3110,1.4914399999999983
3111,1.4914399999999983
3112,1.4914399999999983
3113,1.4914399999999983
3114,1.4914399999999983
3115,1.4914399999999983
3116,1.4914399999999983
3117,1.4914399999999983
3118,1.4914399999999983
3119,1.4914399999999983
3120,1.4914399999999983
3121,1.5023720000000023
3122,1.5023720000000023
3123,1.5023720000000023
3124,1.5023720000000023
3125,1.5023720000000023
3126,1.5023720000000023
3127,1.5023720000000023
3128,1.5023720000000023
3129,1.5023720000000023
3130,1.5023720000000023
3131,1.5023720000000023
3132,1.5023720000000023
3133,1.5023720000000023
3134,1.5023720000000023
3135,1.5023720000000023
3136,1.5023720000000023
3137,1.503172000000002
3138,1.503172000000002
3139,1.503172000000002
3140,1.503172000000002
3141,1.503172000000002
3142,1.503172000000002
3143,1.503172000000002
3144,1.503172000000002
3145,1.503172000000002
3146,1.503172000000002
3147,1.503172000000002
3148,1.503172000000002
3149,1.503172000000002
3150,1.503172000000002
3151,1.503172000000002
3152,1.503172000000002
3153,1.4968779999999984
3154,1.4968779999999984
3155,1.4968779999999984
3156,1.4968779999999984
3157,1.4968779999999984
3158,1.4968779999999984
3159,1.4968779999999984
3160,1.4968779999999984
3161,1.4968779999999984
3162,1.4968779999999984
3163,1.4968779999999984
3164,1.4968779999999984
3165,1.4968779999999984
3166,1.4968779999999984
3167,1.4968779999999984
3168,1.4968779999999984
3169,1.501057999999998
3170,1.501057999999998
3171,1.501057999999998
3172,1.501057999999998
3173,1.501057999999998
3174,1.501057999999998
3175,1.501057999999998
3176,1.501057999999998
3177,1.501057999999998
3178,1.501057999999998
3179,1.501057999999998
3180,1.501057999999998
3181,1.501057999999998
3182,1.501057999999998
3183,1.501057999999998
3184,1.501057999999998
3185,1.5152320000000015
3186,1.5152320000000015
3187,1.5152320000000015
3188,1.5152320000000015
3189,1.5152320000000015
3190,1.5152320000000015
3191,1.5152320000000015
3192,1.5152320000000015
3193,1.5152320000000015
3194,1.5152320000000015
3195,1.5152320000000015
3196,1.5152320000000015
3197,1.5152320000000015
3198,1.5152320000000015
3199,1.5152320000000015
3200,1.5152320000000015
3201,1.5330620000000024
3202,1.5330620000000024
3203,1.5330620000000024
3204,1.5330620000000024
3205,1.5330620000000024
3206,1.5330620000000024
3207,1.5330620000000024
3208,1.5330620000000024
3209,1.5330620000000024
3210,1.5330620000000024
3211,1.5330620000000024
3212,1.5330620000000024
3213,1.5330620000000024
3214,1.5330620000000024
3215,1.5330620000000024
3216,1.5330620000000024
3217,1.5592380000000023
3218,1.5592380000000023
3219,1.5592380000000023
3220,1.5592380000000023
3221,1.5592380000000023
3222,1.5592380000000023
3223,1.5592380000000023
3224,1.5592380000000023
3225,1.5592380000000023
3226,1.5592380000000023
3227,1.5592380000000023
3228,1.5592380000000023
3229,1.5592380000000023
3230,1.5592380000000023
3231,1.5592380000000023
3232,1.5592380000000023
3233,1.5679460000000014
3234,1.5679460000000014
3235,1.5679460000000014
3236,1.5679460000000014
3237,1.5679460000000014
3238,1.5679460000000014
3239,1.5679460000000014
3240,1.5679460000000014
3241,1.5679460000000014
3242,1.5679460000000014
3243,1.5679460000000014
3244,1.5679460000000014
3245,1.5679460000000014
3246,1.5679460000000014
3247,1.5679460000000014
3248,1.5679460000000014
3249,1.5600479999999963
3250,1.5600479999999963
3251,1.5600479999999963
3252,1.5600479999999963
3253,1.5600479999999963
3254,1.5600479999999963
3255,1.5600479999999963
3256,1.5600479999999963
3257,1.5600479999999963
3258,1.5600479999999963
3259,1.5600479999999963
3260,1.5600479999999963
3261,1.5600479999999963
3262,1.5600479999999963
3263,1.5600479999999963
3264,1.5600479999999963
3265,1.5588079999999962
3266,1.5588079999999962
3267,1.5588079999999962
3268,1.5588079999999962
3269,1.5588079999999962
3270,1.5588079999999962
3271,1.5588079999999962
3272,1.5588079999999962
3273,1.5588079999999962
3274,1.5588079999999962
3275,1.5588079999999962
3276,1.5588079999999962
3277,1.5588079999999962
3278,1.5588079999999962
3279,1.5588079999999962
3280,1.5588079999999962
3281,1.5635240000000008
3282,1.5635240000000008
3283,1.5635240000000008
3284,1.5635240000000008
3285,1.5635240000000008
3286,1.5635240000000008
3287,1.5635240000000008
3288,1.5635240000000008
3289,1.5635240000000008
3290,1.5635240000000008
3291,1.5635240000000008
3292,1.5635240000000008
3293,1.5635240000000008
3294,1.5635240000000008
3295,1.5635240000000008
3296,1.5635240000000008
3297,1.5662420000000015
3298,1.5662420000000015
3299,1.5662420000000015
3300,1.5662420000000015
3301,1.5662420000000015
3302,1.5662420000000015
3303,1.5662420000000015
3304,1.5662420000000015
3305,1.5662420000000015
3306,1.5662420000000015
3307,1.5662420000000015
3308,1.5662420000000015
3309,1.5662420000000015
3310,1.5662420000000015
3311,1.5662420000000015
3312,1.5662420000000015
3313,1.5707380000000015
3314,1.5707380000000015
3315,1.5707380000000015
3316,1.5707380000000015
3317,1.5707380000000015
3318,1.5707380000000015
3319,1.5707380000000015
3320,1.5707380000000015
3321,1.5707380000000015
3322,1.5707380000000015
3323,1.5707380000000015
3324,1.5707380000000015
3325,1.5707380000000015
3326,1.5707380000000015
3327,1.5707380000000015
3328,1.5707380000000015
3329,1.5738100000000002
3330,1.5738100000000002
3331,1.5738100000000002
3332,1.5738100000000002
3333,1.5738100000000002
3334,1.5738100000000002
3335,1.5738100000000002
3336,1.5738100000000002
3337,1.5738100000000002
3338,1.5738100000000002
3339,1.5738100000000002
3340,1.5738100000000002
3341,1.5738100000000002
3342,1.5738100000000002
3343,1.5738100000000002
3344,1.5738100000000002
3345,1.579997999999997
3346,1.579997999999997
3347,1.579997999999997
3348,1.579997999999997
3349,1.579997999999997
3350,1.579997999999997
3351,1.579997999999997
3352,1.579997999999997
3353,1.579997999999997
3354,1.579997999999997
3355,1.579997999999997
3356,1.579997999999997
3357,1.579997999999997
3358,1.579997999999997
3359,1.579997999999997
3360,1.579997999999997
3361,1.5849759999999968
3362,1.5849759999999968
3363,1.5849759999999968
3364,1.5849759999999968
3365,1.5849759999999968
3366,1.5849759999999968
3367,1.5849759999999968
3368,1.5849759999999968
3369,1.5849759999999968
3370,1.5849759999999968
3371,1.5849759999999968
3372,1.5849759999999968
3373,1.5849759999999968
3374,1.5849759999999968
3375,1.5849759999999968
3376,1.5849759999999968
3377,1.5913540000000004
3378,1.5913540000000004
3379,1.5913540000000004
3380,1.5913540000000004
3381,1.5913540000000004
3382,1.5913540000000004
3383,1.5913540000000004
3384,1.5913540000000004
3385,1.5913540000000004
3386,1.5913540000000004
3387,1.5913540000000004
3388,1.5913540000000004
3389,1.5913540000000004
3390,1.5913540000000004
3391,1.5913540000000004
3392,1.5913540000000004
3393,1.5935079999999995
3394,1.5935079999999995
3395,1.5935079999999995
3396,1.5935079999999995
3397,1.5935079999999995
3398,1.5935079999999995
3399,1.5935079999999995
3400,1.5935079999999995
3401,1.5935079999999995
3402,1.5935079999999995
3403,1.5935079999999995
3404,1.5935079999999995
3405,1.5935079999999995
3406,1.5935079999999995
3407,1.5935079999999995
3408,1.5935079999999995
3409,1.5924859999999954
3410,1.5924859999999954
3411,1.5924859999999954
3412,1.5924859999999954
3413,1.5924859999999954
3414,1.5924859999999954
3415,1.5924859999999954
3416,1.5924859999999954
3417,1.5924859999999954
3418,1.5924859999999954
3419,1.5924859999999954
3420,1.5924859999999954
3421,1.5924859999999954
3422,1.5924859999999954
3423,1.5924859999999954
3424,1.5924859999999954
3425,1.5957439999999963
3426,1.5957439999999963
3427,1.5957439999999963
3428,1.5957439999999963
3429,1.5957439999999963
3430,1.5957439999999963
3431,1.5957439999999963
3432,1.5957439999999963
3433,1.5957439999999963
3434,1.5957439999999963
3435,1.5957439999999963
3436,1.5957439999999963
3437,1.5957439999999963
3438,1.5957439999999963
3439,1.5957439999999963
3440,1.5957439999999963
3441,1.6062980000000038
3442,1.6062980000000038
3443,1.6062980000000038
3444,1.6062980000000038
3445,1.6062980000000038
3446,1.6062980000000038
3447,1.6062980000000038
3448,1.6062980000000038
3449,1.6062980000000038
3450,1.6062980000000038
3451,1.6062980000000038
3452,1.6062980000000038
3453,1.6062980000000038
3454,1.6062980000000038
3455,1.6062980000000038
3456,1.6062980000000038
3457,1.6165680000000044
3458,1.6165680000000044
3459,1.6165680000000044
3460,1.6165680000000044
3461,1.6165680000000044
3462,1.6165680000000044
3463,1.6165680000000044
3464,1.6165680000000044
3465,1.6165680000000044
3466,1.6165680000000044
3467,1.6165680000000044
3468,1.6165680000000044
3469,1.6165680000000044
3470,1.6165680000000044
3471,1.6165680000000044
3472,1.6165680000000044
3473,1.6381119999999976
3474,1.6381119999999976
3475,1.6381119999999976
3476,1.6381119999999976
3477,1.6381119999999976
3478,1.6381119999999976
3479,1.6381119999999976
3480,1.6381119999999976
3481,1.6381119999999976
3482,1.6381119999999976
3483,1.6381119999999976
3484,1.6381119999999976
3485,1.6381119999999976
3486,1.6381119999999976
3487,1.6381119999999976
3488,1.6381119999999976
3489,1.6461199999999963
3490,1.6461199999999963
3491,1.6461199999999963
3492,1.6461199999999963
3493,1.6461199999999963
3494,1.6461199999999963
3495,1.6461199999999963
3496,1.6461199999999963
3497,1.6461199999999963
3498,1.6461199999999963
3499,1.6461199999999963
3500,1.6461199999999963
3501,1.6461199999999963
3502,1.6461199999999963
3503,1.6461199999999963
3504,1.6461199999999963
3505,1.655767999999995
3506,1.655767999999995
3507,1.655767999999995
3508,1.655767999999995
3509,1.655767999999995
3510,1.655767999999995
3511,1.655767999999995
3512,1.655767999999995
3513,1.655767999999995
3514,1.655767999999995
3515,1.655767999999995
3516,1.655767999999995
3517,1.655767999999995
3518,1.655767999999995
3519,1.655767999999995
3520,1.655767999999995
3521,1.6576339999999954
3522,1.6576339999999954
3523,1.6576339999999954
3524,1.6576339999999954
3525,1.6576339999999954
3526,1.6576339999999954
3527,1.6576339999999954
3528,1.6576339999999954
3529,1.6576339999999954
3530,1.6576339999999954
3531,1.6576339999999954
3532,1.6576339999999954
3533,1.6576339999999954
3534,1.6576339999999954
3535,1.6576339999999954
3536,1.6576339999999954
3537,1.6559679999999972
3538,1.6559679999999972
3539,1.6559679999999972
3540,1.6559679999999972
3541,1.6559679999999972
3542,1.6559679999999972
3543,1.6559679999999972
3544,1.6559679999999972
3545,1.6559679999999972
3546,1.6559679999999972
3547,1.6559679999999972
3548,1.6559679999999972
3549,1.6559679999999972
3550,1.6559679999999972
3551,1.6559679999999972
3552,1.6559679999999972
3553,1.6589979999999993
3554,1.6589979999999993
3555,1.6589979999999993
3556,1.6589979999999993
3557,1.6589979999999993
3558,1.6589979999999993
3559,1.6589979999999993
3560,1.6589979999999993
3561,1.6589979999999993
3562,1.6589979999999993
3563,1.6589979999999993
3564,1.6589979999999993
3565,1.6589979999999993
3566,1.6589979999999993
3567,1.6589979999999993
3568,1.6589979999999993
3569,1.6661320000000048
3570,1.6661320000000048
3571,1.6661320000000048
3572,1.6661320000000048
3573,1.6661320000000048
3574,1.6661320000000048
3575,1.6661320000000048
3576,1.6661320000000048
3577,1.6661320000000048
3578,1.6661320000000048
3579,1.6661320000000048
3580,1.6661320000000048
3581,1.6661320000000048
3582,1.6661320000000048
3583,1.6661320000000048
3584,1.6661320000000048
3585,1.6785480000000068
3586,1.6785480000000068
3587,1.6785480000000068
3588,1.6785480000000068
3589,1.6785480000000068
3590,1.6785480000000068
3591,1.6785480000000068
3592,1.6785480000000068
3593,1.6785480000000068
3594,1.6785480000000068
3595,1.6785480000000068
3596,1.6785480000000068
3597,1.6785480000000068
3598,1.6785480000000068
3599,1.6785480000000068
3600,1.6785480000000068
3601,1.7048900000000067
3602,1.7048900000000067
3603,1.7048900000000067
3604,1.7048900000000067
3605,1.7048900000000067
3606,1.7048900000000067
3607,1.7048900000000067
3608,1.7048900000000067
3609,1.7048900000000067
3610,1.7048900000000067
3611,1.7048900000000067
3612,1.7048900000000067
3613,1.7048900000000067
3614,1.7048900000000067
3615,1.7048900000000067
3616,1.7048900000000067
3617,1.7158740000000046
3618,1.7158740000000046
3619,1.7158740000000046
3620,1.7158740000000046
3621,1.7158740000000046
3622,1.7158740000000046
3623,1.7158740000000046
3624,1.7158740000000046
3625,1.7158740000000046
3626,1.7158740000000046
3627,1.7158740000000046
3628,1.7158740000000046
3629,1.7158740000000046
3630,1.7158740000000046
3631,1.7158740000000046
3632,1.7158740000000046
3633,1.720141999999999
3634,1.720141999999999
3635,1.720141999999999
3636,1.720141999999999
3637,1.720141999999999
3638,1.720141999999999
3639,1.720141999999999
3640,1.720141999999999
3641,1.720141999999999
3642,1.720141999999999
3643,1.720141999999999
3644,1.720141999999999
3645,1.720141999999999
3646,1.720141999999999
3647,1.720141999999999
3648,1.720141999999999
3649,1.721347999999997
3650,1.721347999999997
3651,1.721347999999997
3652,1.721347999999997
3653,1.721347999999997
3654,1.721347999999997
3655,1.721347999999997
3656,1.721347999999997
3657,1.721347999999997
3658,1.721347999999997
3659,1.721347999999997
3660,1.721347999999997
3661,1.721347999999997
3662,1.721347999999997
3663,1.721347999999997
3664,1.721347999999997
3665,1.7227359999999972
3666,1.7227359999999972
3667,1.7227359999999972
3668,1.7227359999999972
3669,1.7227359999999972
3670,1.7227359999999972
3671,1.7227359999999972
3672,1.7227359999999972
3673,1.7227359999999972
3674,1.7227359999999972
3675,1.7227359999999972
3676,1.7227359999999972
3677,1.7227359999999972
3678,1.7227359999999972
3679,1.7227359999999972
3680,1.7227359999999972
3681,1.7287519999999985
3682,1.7287519999999985
3683,1.7287519999999985
3684,1.7287519999999985
3685,1.7287519999999985
3686,1.7287519999999985
3687,1.7287519999999985
3688,1.7287519999999985
3689,1.7287519999999985
3690,1.7287519999999985
3691,1.7287519999999985
3692,1.7287519999999985
3693,1.7287519999999985
3694,1.7287519999999985
3695,1.7287519999999985
3696,1.7287519999999985
3697,1.7421840000000026
3698,1.7421840000000026
3699,1.7421840000000026
3700,1.7421840000000026
3701,1.7421840000000026
3702,1.7421840000000026
3703,1.7421840000000026
3704,1.7421840000000026
3705,1.7421840000000026
3706,1.7421840000000026
3707,1.7421840000000026
3708,1.7421840000000026
3709,1.7421840000000026
3710,1.7421840000000026
3711,1.7421840000000026
3712,1.7421840000000026
3713,1.7552100000000053
3714,1.7552100000000053
3715,1.7552100000000053
3716,1.7552100000000053
3717,1.7552100000000053
3718,1.7552100000000053
3719,1.7552100000000053
3720,1.7552100000000053
3721,1.7552100000000053
3722,1.7552100000000053
3723,1.7552100000000053
3724,1.7552100000000053
3725,1.7552100000000053
3726,1.7552100000000053
3727,1.7552100000000053
3728,1.7552100000000053
3729,1.7814220000000058
3730,1.7814220000000058
3731,1.7814220000000058
3732,1.7814220000000058
3733,1.7814220000000058
3734,1.7814220000000058
3735,1.7814220000000058
3736,1.7814220000000058
3737,1.7814220000000058
3738,1.7814220000000058
3739,1.7814220000000058
3740,1.7814220000000058
3741,1.7814220000000058
3742,1.7814220000000058
3743,1.7814220000000058
3744,1.7814220000000058
3745,1.790484000000004
3746,1.790484000000004
3747,1.790484000000004
3748,1.790484000000004
3749,1.790484000000004
3750,1.790484000000004
3751,1.790484000000004
3752,1.790484000000004
3753,1.790484000000004
3754,1.790484000000004
3755,1.790484000000004
3756,1.790484000000004
3757,1.790484000000004
3758,1.790484000000004
3759,1.790484000000004
3760,1.790484000000004
3761,1.7869179999999967
3762,1.7869179999999967
3763,1.7869179999999967
3764,1.7869179999999967
3765,1.7869179999999967
3766,1.7869179999999967
3767,1.7869179999999967
3768,1.7869179999999967
3769,1.7869179999999967
3770,1.7869179999999967
3771,1.7869179999999967
3772,1.7869179999999967
3773,1.7869179999999967
3774,1.7869179999999967
3775,1.7869179999999967
3776,1.7869179999999967
3777,1.784341999999994
3778,1.784341999999994
3779,1.784341999999994
3780,1.784341999999994
3781,1.784341999999994
3782,1.784341999999994
3783,1.784341999999994
3784,1.784341999999994
3785,1.784341999999994
3786,1.784341999999994
3787,1.784341999999994
3788,1.784341999999994
3789,1.784341999999994
3790,1.784341999999994
3791,1.784341999999994
3792,1.784341999999994
3793,1.7825319999999927
3794,1.7825319999999927
3795,1.7825319999999927
3796,1.7825319999999927
3797,1.7825319999999927
3798,1.7825319999999927
3799,1.7825319999999927
3800,1.7825319999999927
3801,1.7825319999999927
3802,1.7825319999999927
3803,1.7825319999999927
3804,1.7825319999999927
3805,1.7825319999999927
3806,1.7825319999999927
3807,1.7825319999999927
3808,1.7825319999999927
3809,1.784515999999993
3810,1.784515999999993
3811,1.784515999999993
3812,1.784515999999993
3813,1.784515999999993
3814,1.784515999999993
3815,1.784515999999993
3816,1.784515999999993
3817,1.784515999999993
3818,1.784515999999993
3819,1.784515999999993
3820,1.784515999999993
3821,1.784515999999993
3822,1.784515999999993
3823,1.784515999999993
3824,1.784515999999993
3825,1.7965059999999944
3826,1.7965059999999944
3827,1.7965059999999944
3828,1.7965059999999944
3829,1.7965059999999944
3830,1.7965059999999944
3831,1.7965059999999944
3832,1.7965059999999944
3833,1.7965059999999944
3834,1.7965059999999944
3835,1.7965059999999944
3836,1.7965059999999944
3837,1.7965059999999944
3838,1.7965059999999944
3839,1.7965059999999944
3840,1.7965059999999944
3841,1.806861999999995
3842,1.806861999999995
3843,1.806861999999995
3844,1.806861999999995
3845,1.806861999999995
3846,1.806861999999995
3847,1.806861999999995
3848,1.806861999999995
3849,1.806861999999995
3850,1.806861999999995
3851,1.806861999999995
3852,1.806861999999995
3853,1.806861999999995
3854,1.806861999999995
3855,1.806861999999995
3856,1.806861999999995
3857,1.8313399999999957
3858,1.8313399999999957
3859,1.8313399999999957
3860,1.8313399999999957
3861,1.8313399999999957
3862,1.8313399999999957
3863,1.8313399999999957
3864,1.8313399999999957
3865,1.8313399999999957
3866,1.8313399999999957
3867,1.8313399999999957
3868,1.8313399999999957
3869,1.8313399999999957
3870,1.8313399999999957
3871,1.8313399999999957
3872,1.8313399999999957
3873,1.8426979999999984
3874,1.8426979999999984
3875,1.8426979999999984
3876,1.8426979999999984
3877,1.8426979999999984
3878,1.8426979999999984
3879,1.8426979999999984
3880,1.8426979999999984
3881,1.8426979999999984
3882,1.8426979999999984
3883,1.8426979999999984
3884,1.8426979999999984
3885,1.8426979999999984
3886,1.8426979999999984
3887,1.8426979999999984
3888,1.8426979999999984
3889,1.8448300000000066
3890,1.8448300000000066
3891,1.8448300000000066
3892,1.8448300000000066
3893,1.8448300000000066
3894,1.8448300000000066
3895,1.8448300000000066
3896,1.8448300000000066
3897,1.8448300000000066
3898,1.8448300000000066
3899,1.8448300000000066
3900,1.8448300000000066
3901,1.8448300000000066
3902,1.8448300000000066
3903,1.8448300000000066
3904,1.8448300000000066
3905,1.8491600000000086
3906,1.8491600000000086
3907,1.8491600000000086
3908,1.8491600000000086
3909,1.8491600000000086
3910,1.8491600000000086
3911,1.8491600000000086
3912,1.8491600000000086
3913,1.8491600000000086
3914,1.8491600000000086
3915,1.8491600000000086
3916,1.8491600000000086
3917,1.8491600000000086
3918,1.8491600000000086
3919,1.8491600000000086
3920,1.8491600000000086
3921,1.854324000000005
3922,1.854324000000005
3923,1.854324000000005
3924,1.854324000000005
3925,1.854324000000005
3926,1.854324000000005
3927,1.854324000000005
3928,1.854324000000005
3929,1.854324000000005
3930,1.854324000000005
3931,1.854324000000005
3932,1.854324000000005
3933,1.854324000000005
3934,1.854324000000005
3935,1.854324000000005
3936,1.854324000000005
3937,1.8555000000000041
3938,1.8555000000000041
3939,1.8555000000000041
3940,1.8555000000000041
3941,1.8555000000000041
3942,1.8555000000000041
3943,1.8555000000000041
3944,1.8555000000000041
3945,1.8555000000000041
3946,1.8555000000000041
3947,1.8555000000000041
3948,1.8555000000000041
3949,1.8555000000000041
3950,1.8555000000000041
3951,1.8555000000000041
3952,1.8555000000000041
3953,1.854312000000004
3954,1.854312000000004
3955,1.854312000000004
3956,1.854312000000004
3957,1.854312000000004
3958,1.854312000000004
3959,1.854312000000004
3960,1.854312000000004
3961,1.854312000000004
3962,1.854312000000004
3963,1.854312000000004
3964,1.854312000000004
3965,1.854312000000004
3966,1.854312000000004
3967,1.854312000000004
3968,1.854312000000004
3969,1.864864000000005
3970,1.864864000000005
3971,1.864864000000005
3972,1.864864000000005
3973,1.864864000000005
3974,1.864864000000005
3975,1.864864000000005
3976,1.864864000000005
3977,1.864864000000005
3978,1.864864000000005
3979,1.864864000000005
3980,1.864864000000005
3981,1.864864000000005
3982,1.864864000000005
3983,1.864864000000005
3984,1.864864000000005
3985,1.8949280000000086
3986,1.8949280000000086
3987,1.8949280000000086
3988,1.8949280000000086
3989,1.8949280000000086
3990,1.8949280000000086
3991,1.8949280000000086
3992,1.8949280000000086
3993,1.8949280000000086
3994,1.8949280000000086
3995,1.8949280000000086
3996,1.8949280000000086
3997,1.8949280000000086
3998,1.8949280000000086
3999,1.8949280000000086
4000,1.8949280000000086
4001,1.9001180000000095
4002,1.9001180000000095
4003,1.9001180000000095
4004,1.9001180000000095
4005,1.9001180000000095
4006,1.9001180000000095
4007,1.9001180000000095
4008,1.9001180000000095
4009,1.9001180000000095
4010,1.9001180000000095
4011,1.9001180000000095
4012,1.9001180000000095
4013,1.9001180000000095
4014,1.9001180000000095
4015,1.9001180000000095
4016,1.9001180000000095
4017,1.8926953333333427
4018,1.8926953333333427
4019,1.8926953333333427
4020,1.8926953333333427
4021,1.8926953333333427
4022,1.8926953333333427
4023,1.8926953333333427
4024,1.8926953333333427
4025,1.8926953333333427
4026,1.8926953333333427
4027,1.8926953333333427
4028,1.8926953333333427
4029,1.8926953333333427
4030,1.8926953333333427
4031,1.8926953333333427
4032,1.8926953333333427
4033,1.8926121666666742
4034,1.8926121666666742
4035,1.8926121666666742
4036,1.8926121666666742
4037,1.8926121666666742
4038,1.8926121666666742
4039,1.8926121666666742
4040,1.8926121666666742
4041,1.8926121666666742
4042,1.8926121666666742
4043,1.8926121666666742
4044,1.8926121666666742
4045,1.8926121666666742
4046,1.8926121666666742
4047,1.8926121666666742
4048,1.8926121666666742
4049,1.897931833333335
4050,1.897931833333335
4051,1.897931833333335
4052,1.897931833333335
4053,1.897931833333335
4054,1.897931833333335
4055,1.897931833333335
4056,1.897931833333335
4057,1.897931833333335
4058,1.897931833333335
4059,1.897931833333335
4060,1.897931833333335
4061,1.897931833333335
4062,1.897931833333335
4063,1.897931833333335
4064,1.897931833333335
4065,1.8998986000000009
4066,1.8998986000000009
4067,1.8998986000000009
4068,1.8998986000000009
4069,1.8998986000000009
4070,1.8998986000000009
4071,1.8998986000000009
4072,1.8998986000000009
4073,1.8998986000000009
4074,1.8998986000000009
4075,1.8998986000000009
4076,1.8998986000000009
4077,1.8998986000000009
4078,1.8998986000000009
4079,1.8998986000000009
4080,1.8998986000000009
4081,1.8977999888888935
4082,1.8977999888888935
4083,1.8977999888888935
4084,1.8977999888888935
4085,1.8977999888888935
4086,1.8977999888888935
4087,1.8977999888888935
4088,1.8977999888888935
4089,1.8977999888888935
4090,1.8977999888888935
4091,1.8977999888888935
4092,1.8977999888888935
4093,1.8977999888888935
4094,1.8977999888888935
4095,1.8977999888888935
4096,1.8977999888888935
