,Request Id,request_preemption_time,cdf
0,0,0.0,0.0078125
1,1,0.0,0.015625
2,2,0.0,0.0234375
3,3,0.0,0.03125
4,4,0.0,0.0390625
5,5,0.0,0.046875
6,6,0.0,0.0546875
7,7,0.0,0.0625
8,8,0.0,0.0703125
9,9,0.0,0.078125
10,10,0.0,0.0859375
13,13,0.0,0.09375
14,14,0.0,0.1015625
15,15,0.0,0.109375
16,16,0.0,0.1171875
18,18,0.0,0.125
19,19,0.0,0.1328125
20,20,0.0,0.140625
21,21,0.0,0.1484375
22,22,0.0,0.15625
24,24,0.0,0.1640625
25,25,0.0,0.171875
26,26,0.0,0.1796875
27,27,0.0,0.1875
28,28,0.0,0.1953125
30,30,0.0,0.203125
31,31,0.0,0.2109375
32,32,0.0,0.21875
33,33,0.0,0.2265625
34,34,0.0,0.234375
36,36,0.0,0.2421875
37,37,0.0,0.25
38,38,0.0,0.2578125
39,39,0.0,0.265625
40,40,0.0,0.2734375
42,42,0.0,0.28125
43,43,0.0,0.2890625
44,44,0.0,0.296875
45,45,0.0,0.3046875
46,46,0.0,0.3125
48,48,0.0,0.3203125
49,49,0.0,0.328125
50,50,0.0,0.3359375
51,51,0.0,0.34375
52,52,0.0,0.3515625
54,54,0.0,0.359375
55,55,0.0,0.3671875
56,56,0.0,0.375
57,57,0.0,0.3828125
58,58,0.0,0.390625
60,60,0.0,0.3984375
61,61,0.0,0.40625
62,62,0.0,0.4140625
63,63,0.0,0.421875
64,64,0.0,0.4296875
66,66,0.0,0.4375
67,67,0.0,0.4453125
68,68,0.0,0.453125
69,69,0.0,0.4609375
70,70,0.0,0.46875
72,72,0.0,0.4765625
73,73,0.0,0.484375
74,74,0.0,0.4921875
75,75,0.0,0.5
78,78,0.0,0.5078125
79,79,0.0,0.515625
80,80,0.0,0.5234375
81,81,0.0,0.53125
82,82,0.0,0.5390625
84,84,0.0,0.546875
85,85,0.0,0.5546875
86,86,0.0,0.5625
87,87,0.0,0.5703125
89,89,0.0,0.578125
90,90,0.0,0.5859375
91,91,0.0,0.59375
92,92,0.0,0.6015625
93,93,0.0,0.609375
94,94,0.0,0.6171875
96,96,0.0,0.625
97,97,0.0,0.6328125
98,98,0.0,0.640625
99,99,0.0,0.6484375
101,101,0.0,0.65625
102,102,0.0,0.6640625
103,103,0.0,0.671875
104,104,0.0,0.6796875
105,105,0.0,0.6875
106,106,0.0,0.6953125
108,108,0.0,0.703125
109,109,0.0,0.7109375
110,110,0.0,0.71875
111,111,0.0,0.7265625
113,113,0.0,0.734375
114,114,0.0,0.7421875
115,115,0.0,0.75
116,116,0.0,0.7578125
117,117,0.0,0.765625
118,118,0.0,0.7734375
119,119,0.0,0.78125
120,120,0.0,0.7890625
121,121,0.0,0.796875
122,122,0.0,0.8046875
124,124,0.0,0.8125
125,125,0.0,0.8203125
126,126,0.0,0.828125
127,127,0.0,0.8359375
95,95,0.09648460036794404,0.84375
76,76,0.14472690055191606,0.8515625
23,23,0.14472690055193738,0.859375
59,59,0.2412115009198601,0.8671875
71,71,0.2894538011038321,0.875
83,83,0.2894538011038321,0.8828125
35,35,0.2894538011039174,0.890625
47,47,0.2894538011039174,0.8984375
17,17,0.48242300183979125,0.90625
53,53,0.5306653020236922,0.9140625
65,65,0.5306653020236922,0.921875
77,77,0.5306653020236922,0.9296875
29,29,0.5306653020238485,0.9375
41,41,0.5789076022078348,0.9453125
88,88,0.8683614033114964,0.953125
123,123,1.0613306040473844,0.9609375
11,11,1.495511305703463,0.96875
112,112,2.0808341079105617,0.9765625
100,100,2.2727341086469153,0.984375
107,107,3.053315711591665,0.9921875
12,12,10.666650281503834,1.0
