,Request Id,request_scheduling_delay,cdf
0,0,0.0,0.0078125
33,33,0.0,0.015625
98,98,0.0,0.0234375
103,103,0.00014798663781334653,0.03125
80,80,0.00028583666136228203,0.0390625
82,82,0.00029004586463088344,0.046875
3,3,0.00040202304354464147,0.0546875
110,110,0.0004063427069525005,0.0625
65,65,0.0004586054622990332,0.0703125
31,31,0.0006805709418031824,0.078125
24,24,0.0009722217594898552,0.0859375
49,49,0.0009803620385895329,0.09375
120,120,0.0012356249922049756,0.1015625
53,53,0.0012633209290839886,0.109375
20,20,0.0013153446876614794,0.1171875
38,38,0.0013269673328011322,0.125
111,111,0.0013895152939085165,0.1328125
66,66,0.0014000423779521043,0.140625
92,92,0.0014387017400281366,0.1484375
99,99,0.0018116094084348333,0.15625
97,97,0.0019144703454117007,0.1640625
55,55,0.0019348854564924522,0.171875
85,85,0.0019828625688944612,0.1796875
25,25,0.0020126463611660483,0.1875
104,104,0.0020568494014696626,0.1953125
36,36,0.0020873009715245416,0.203125
125,125,0.0021724956261834905,0.2109375
121,121,0.002207745441410225,0.21875
73,73,0.002258760562028783,0.2265625
93,93,0.0025440649875179133,0.234375
83,83,0.002711787472122751,0.2421875
10,10,0.002746165290560043,0.25
114,114,0.00290535085520105,0.2578125
72,72,0.0029226137642837102,0.265625
79,79,0.002950012933979451,0.2734375
118,118,0.003293164011012095,0.28125
78,78,0.0033278563374210535,0.2890625
39,39,0.0034332447549161316,0.296875
35,35,0.0036338994060614027,0.3046875
27,27,0.0036794862003546314,0.3125
47,47,0.003681848550996847,0.3203125
7,7,0.0037726061280221046,0.328125
4,4,0.00378400592519057,0.3359375
6,6,0.003784634816907939,0.34375
30,30,0.0038214344061131555,0.3515625
37,37,0.00394157573339271,0.359375
46,46,0.00406783057636062,0.3671875
18,18,0.004083079588529159,0.375
119,119,0.004868472155180825,0.3828125
13,13,0.004933455317189583,0.390625
109,109,0.005026507104645361,0.3984375
48,48,0.005166266517193208,0.40625
64,64,0.005209920213630426,0.4140625
40,40,0.005453460825322054,0.421875
70,70,0.005548856200860541,0.4296875
122,122,0.0057429934719266384,0.4375
77,77,0.005802104672028463,0.4453125
43,43,0.0059387663607139984,0.453125
74,74,0.00599594852965879,0.4609375
63,63,0.006096530635559816,0.46875
68,68,0.006131192485526071,0.4765625
127,127,0.006206661786620771,0.484375
59,59,0.006454913394122741,0.4921875
113,113,0.006463136051678475,0.5
14,14,0.006518294473170982,0.5078125
112,112,0.006555541077773341,0.515625
62,62,0.00665616329146701,0.5234375
61,61,0.006701659796021886,0.53125
101,101,0.006762085661250694,0.5390625
42,42,0.006774475965471538,0.546875
87,87,0.006775356746800298,0.5546875
5,5,0.006803459492825681,0.5625
115,115,0.006859756216840651,0.5703125
76,76,0.006885642622364685,0.578125
60,60,0.00692251895630136,0.5859375
16,16,0.007058373571808829,0.59375
108,108,0.0071618585096189236,0.6015625
22,22,0.007242629375149079,0.609375
75,75,0.007399443888317592,0.6171875
28,28,0.007532500015805965,0.625
32,32,0.007652292484777945,0.6328125
8,8,0.007678223043054544,0.640625
15,15,0.0078106492989462595,0.6484375
81,81,0.007891070942747547,0.65625
52,52,0.00794767646853245,0.6640625
57,57,0.008195943451852372,0.671875
88,88,0.008449058086824834,0.6796875
86,86,0.008713847541002906,0.6875
116,116,0.00880452702756429,0.6953125
91,91,0.008933141748514117,0.703125
102,102,0.009148473481758401,0.7109375
90,90,0.009243222325437728,0.71875
56,56,0.009516907620493953,0.7265625
17,17,0.009542631423240522,0.734375
54,54,0.009644845260609713,0.7421875
11,11,0.009701906165258123,0.75
34,34,0.00977259296183064,0.7578125
26,26,0.010051138619232347,0.765625
44,44,0.010137967553248473,0.7734375
105,105,0.010152617735030844,0.78125
84,84,0.010196626125321018,0.7890625
123,123,0.010386094267943236,0.796875
51,51,0.01041940756702786,0.8046875
58,58,0.010511153890689684,0.8125
2,2,0.010554417432837138,0.8203125
107,107,0.010571981354530635,0.828125
117,117,0.010656329286263144,0.8359375
96,96,0.010945365857480738,0.84375
69,69,0.011112206225647014,0.8515625
29,29,0.011293593855924655,0.859375
71,71,0.011436314705719042,0.8671875
106,106,0.01149572526125553,0.875
21,21,0.011503442870289149,0.8828125
23,23,0.013156446576530811,0.890625
45,45,0.014958809187859856,0.8984375
50,50,0.015141633677885125,0.90625
95,95,0.015801888171864675,0.9140625
94,94,0.044624714455068215,0.921875
89,89,0.07357773298554093,0.9296875
41,41,0.07382913842204175,0.9375
67,67,0.09797325884817099,0.9453125
1,1,0.10368616802503405,0.953125
9,9,0.11179550673884897,0.9609375
12,12,0.12642334491515506,0.96875
126,126,0.13385896279709186,0.9765625
100,100,0.13767984409520295,0.984375
19,19,0.16147134059050572,0.9921875
124,124,0.1740214049326596,1.0
